id,seek,start,end,text,tokens,temperature,avg_logprob,compression_ratio,no_speech_prob,texto_traducido
0,0,0.0,11.32," Hello, this is Kim Won-seob of the Bangsujo and Dango TV.","[50364, 2425, 11, 341, 307, 5652, 14710, 12, 405, 996, 295, 264, 11538, 82, 4579, 78, 293, 413, 17150, 3558, 13, 50930]",0.0,-0.7790981194911859,1.4646464646464648,0.0023951372131705,"Hola, soy Kim Won-seob de la Bangsujo y Dango TV."
1,0,11.32,15.96," Everyone, the plus two system is quite difficult and tricky.","[50930, 5198, 11, 264, 1804, 732, 1185, 307, 1596, 2252, 293, 12414, 13, 51162]",0.0,-0.7790981194911859,1.4646464646464648,0.0023951372131705,"Todos, el sistema plus dos es bastante difícil y complicado."
2,0,15.96,19.68," Despite having given lessons on how to play various ways,","[51162, 11334, 1419, 2212, 8820, 322, 577, 281, 862, 3683, 2098, 11, 51348]",0.0,-0.7790981194911859,1.4646464646464648,0.0023951372131705,"A pesar de haber dado lecciones sobre cómo jugar de varias maneras,"
3,0,19.68,22.24, there are many stories that it is quite difficult.,"[51348, 456, 366, 867, 3676, 300, 309, 307, 1596, 2252, 13, 51476]",0.0,-0.7790981194911859,1.4646464646464648,0.0023951372131705,hay muchas historias que dicen que es bastante difícil.
4,0,22.24,27.08," So today, I brought another way that can be easily approached.","[51476, 407, 965, 11, 286, 3038, 1071, 636, 300, 393, 312, 3612, 17247, 13, 51718]",0.0,-0.7790981194911859,1.4646464646464648,0.0023951372131705,"Por lo tanto, hoy traí otra forma que se puede abordar fácilmente."
5,2708,27.08,31.48, It is a method that can be played if you have only one cue.,"[50364, 467, 307, 257, 3170, 300, 393, 312, 3737, 498, 291, 362, 787, 472, 22656, 13, 50584]",0.0,-0.687894953121929,1.6990881458966565,0.0330499932169914,Es un método que se puede jugar si solo tienes una punta.
6,2708,31.48,34.44, Let's go to the first place with me.,"[50584, 961, 311, 352, 281, 264, 700, 1081, 365, 385, 13, 50732]",0.0,-0.687894953121929,1.6990881458966565,0.0330499932169914,Vamos al primer lugar conmigo.
7,2708,34.44,37.16, The first order that modern people want is Yangji-dae-sam.,"[50732, 440, 700, 1668, 300, 4363, 561, 528, 307, 11978, 4013, 12, 2675, 68, 12, 19988, 13, 50868]",0.0,-0.687894953121929,1.6990881458966565,0.0330499932169914,El primer orden que quieren los modernos es Yangji-dae-sam.
8,2708,37.16,38.92," Black hair is also in Dongi-bongam,","[50868, 4076, 2578, 307, 611, 294, 13609, 72, 12, 65, 556, 335, 11, 50956]",0.0,-0.687894953121929,1.6990881458966565,0.0330499932169914,"El pelo negro también está en Dongi-bongam,"
9,2708,38.92,41.4, and it helps a lot in sleeping by releasing the magnetic field.,"[50956, 293, 309, 3665, 257, 688, 294, 8296, 538, 16327, 264, 12688, 2519, 13, 51080]",0.0,-0.687894953121929,1.6990881458966565,0.0330499932169914,y ayuda mucho para dormir liberando el campo magnético.
10,2708,41.4,44.92, Solve it with a mat made only with domestic black hair.,"[51080, 7026, 303, 309, 365, 257, 3803, 1027, 787, 365, 10939, 2211, 2578, 13, 51256]",0.0,-0.687894953121929,1.6990881458966565,0.0330499932169914,Resuelve con un tapete hecho solo con pelo de caballo negro doméstico.
11,2708,44.92,46.92," If you buy the black hair mat that has been used recently,","[51256, 759, 291, 2256, 264, 2211, 2578, 3803, 300, 575, 668, 1143, 3938, 11, 51356]",0.0,-0.687894953121929,1.6990881458966565,0.0330499932169914,"Si compras el tapete de pelo de caballo negro que se ha utilizado recientemente,"
12,2708,46.92,49.4, you will be given a black hair hair tonic in the order of first.,"[51356, 291, 486, 312, 2212, 257, 2211, 2578, 2578, 2952, 299, 294, 264, 1668, 295, 700, 13, 51480]",0.0,-0.687894953121929,1.6990881458966565,0.0330499932169914,te darán una tonificante capilar de pelo de caballo negro en la orden de primer lugar.
13,2708,49.4,50.56, Please buy it!,"[51480, 2555, 2256, 309, 0, 51538]",0.0,-0.687894953121929,1.6990881458966565,0.0330499932169914,"Por favor, cómpralo!"
14,2708,50.56,54.0, Check the purchase form on your phone or in a fixed comment.,"[51538, 6881, 264, 8110, 1254, 322, 428, 2593, 420, 294, 257, 6806, 2871, 13, 51710]",0.0,-0.687894953121929,1.6990881458966565,0.0330499932169914,Revisa la forma de compra en tu teléfono o en un comentario fijo.
15,2708,54.0,56.88," When we want to solve this type of arrangement,","[51710, 1133, 321, 528, 281, 5039, 341, 2010, 295, 17620, 11, 51854]",0.0,-0.687894953121929,1.6990881458966565,0.0330499932169914,"Cuando queremos resolver este tipo de disposición,"
16,5688,56.88,59.36, we use the plus two system.,"[50364, 321, 764, 264, 1804, 732, 1185, 13, 50488]",0.0,-0.6155186002216642,1.7155172413793105,5.064181823399849e-05,usamos el sistema plus dos.
17,5688,63.36,65.64, You can match it like this.,"[50688, 509, 393, 2995, 309, 411, 341, 13, 50802]",0.0,-0.6155186002216642,1.7155172413793105,5.064181823399849e-05,Puedes adaptarlo como esto.
18,5688,65.64,68.28, Or you can do this.,"[50802, 1610, 291, 393, 360, 341, 13, 50934]",0.0,-0.6155186002216642,1.7155172413793105,5.064181823399849e-05,O puedes hacer esto.
19,5688,71.64,73.84, You can match it like this.,"[51102, 509, 393, 2995, 309, 411, 341, 13, 51212]",0.0,-0.6155186002216642,1.7155172413793105,5.064181823399849e-05,Puedes adaptarlo como esto.
20,5688,73.84,77.48," Now, you can learn how to solve the same arrangement as now.","[51212, 823, 11, 291, 393, 1466, 577, 281, 5039, 264, 912, 17620, 382, 586, 13, 51394]",0.0,-0.6155186002216642,1.7155172413793105,5.064181823399849e-05,"Ahora, puedes aprender a resolver la misma disposición que ahora."
21,5688,81.4,83.76, You can match it easily like this.,"[51590, 509, 393, 2995, 309, 3612, 411, 341, 13, 51708]",0.0,-0.6155186002216642,1.7155172413793105,5.064181823399849e-05,Puedes adaptarlo fácilmente como esto.
22,8376,83.76,85.44000000000001," As I said at the opening,","[50364, 1018, 286, 848, 412, 264, 5193, 11, 50448]",0.0,-0.3418535649381726,1.77007299270073,0.0002531367645133,"Como dije al principio,"
23,8376,85.44000000000001,87.88000000000001, you only need one cue today.,"[50448, 291, 787, 643, 472, 22656, 965, 13, 50570]",0.0,-0.3418535649381726,1.77007299270073,0.0002531367645133,solo necesitas una punta hoy.
24,8376,87.88000000000001,90.52, You don't calculate something and find the one cushion point.,"[50570, 509, 500, 380, 8873, 746, 293, 915, 264, 472, 21908, 935, 13, 50702]",0.0,-0.3418535649381726,1.77007299270073,0.0002531367645133,No calculas algo y encuentras el punto de la banda.
25,8376,90.52,93.76," If you do it like this, you'll get a one cushion point.","[50702, 759, 291, 360, 309, 411, 341, 11, 291, 603, 483, 257, 472, 21908, 935, 13, 50864]",0.0,-0.3418535649381726,1.77007299270073,0.0002531367645133,"Si lo haces así, obtendrás un punto de la banda."
26,8376,93.76,96.72," But before that, you have to sort out the points.","[50864, 583, 949, 300, 11, 291, 362, 281, 1333, 484, 264, 2793, 13, 51012]",0.0,-0.3418535649381726,1.77007299270073,0.0002531367645133,"Pero antes de eso, tienes que ordenar los puntos."
27,8376,96.72,99.84," The points are a little different for each point, but it's so simple.","[51012, 440, 2793, 366, 257, 707, 819, 337, 1184, 935, 11, 457, 309, 311, 370, 2199, 13, 51168]",0.0,-0.3418535649381726,1.77007299270073,0.0002531367645133,"Los puntos son un poco diferentes para cada punto, pero es muy simple."
28,8376,99.84,102.2, I'll give you a simple number for each point.,"[51168, 286, 603, 976, 291, 257, 2199, 1230, 337, 1184, 935, 13, 51286]",0.0,-0.3418535649381726,1.77007299270073,0.0002531367645133,Te daré un número simple para cada punto.
29,8376,102.2,104.16, We usually call the corners 0.,"[51286, 492, 2673, 818, 264, 12413, 1958, 13, 51384]",0.0,-0.3418535649381726,1.77007299270073,0.0002531367645133,Normalmente llamamos a las esquinas 0.
30,8376,104.16,105.64, I'll go up one by one.,"[51384, 286, 603, 352, 493, 472, 538, 472, 13, 51458]",0.0,-0.3418535649381726,1.77007299270073,0.0002531367645133,Voy a subir uno a la vez.
31,8376,105.64,108.2," 0, 1, 2, 3, 4.","[51458, 1958, 11, 502, 11, 568, 11, 805, 11, 1017, 13, 51586]",0.0,-0.3418535649381726,1.77007299270073,0.0002531367645133,"0, 1, 2, 3, 4."
32,8376,108.2,109.68, I gave you a number like this.,"[51586, 286, 2729, 291, 257, 1230, 411, 341, 13, 51660]",0.0,-0.3418535649381726,1.77007299270073,0.0002531367645133,Te di un número como este.
33,8376,109.68,111.68, What does this number mean?,"[51660, 708, 775, 341, 1230, 914, 30, 51760]",0.0,-0.3418535649381726,1.77007299270073,0.0002531367645133,¿Qué significa este número?
34,8376,111.68,113.16, It means rotation.,"[51760, 467, 1355, 12447, 13, 51834]",0.0,-0.3418535649381726,1.77007299270073,0.0002531367645133,Significa rotación.
35,11316,113.16,115.24," Now, this is the number of rotations.","[50364, 823, 11, 341, 307, 264, 1230, 295, 44796, 13, 50468]",0.0,-0.3599523914803704,1.940944881889764,9.665927791502328e-06,"Ahora, esto es el número de rotaciones."
36,11316,115.24,120.32, We're going to start from one point and hit the corner cushion point.,"[50468, 492, 434, 516, 281, 722, 490, 472, 935, 293, 2045, 264, 4538, 21908, 935, 13, 50722]",0.0,-0.3599523914803704,1.940944881889764,9.665927791502328e-06,Empezaremos desde un punto y golpearemos el punto de la banda de la esquina.
37,11316,120.32,122.2, This is the workplace.,"[50722, 639, 307, 264, 15328, 13, 50816]",0.0,-0.3599523914803704,1.940944881889764,9.665927791502328e-06,Esto es el lugar de trabajo.
38,11316,122.2,125.44," If you hit it with a one-tip rotation, you can come to your seat.","[50816, 759, 291, 2045, 309, 365, 257, 472, 12, 83, 647, 12447, 11, 291, 393, 808, 281, 428, 6121, 13, 50978]",0.0,-0.3599523914803704,1.940944881889764,9.665927791502328e-06,"Si lo golpeas con una rotación de punta única, puedes llegar a tu asiento."
39,11316,125.44,129.16, But a one-tip rotation can be a little different for each person.,"[50978, 583, 257, 472, 12, 83, 647, 12447, 393, 312, 257, 707, 819, 337, 1184, 954, 13, 51164]",0.0,-0.3599523914803704,1.940944881889764,9.665927791502328e-06,Pero una rotación de punta única puede ser un poco diferente para cada persona.
40,11316,129.16,131.2, I give you a number of rotations for each position.,"[51164, 286, 976, 291, 257, 1230, 295, 44796, 337, 1184, 2535, 13, 51266]",0.0,-0.3599523914803704,1.940944881889764,9.665927791502328e-06,Te doy un número de rotaciones para cada posición.
41,11316,131.2,134.68, You just need to sort out the points so that you can come back to your seat.,"[51266, 509, 445, 643, 281, 1333, 484, 264, 2793, 370, 300, 291, 393, 808, 646, 281, 428, 6121, 13, 51440]",0.0,-0.3599523914803704,1.940944881889764,9.665927791502328e-06,Solo necesitas organizar los puntos para que puedas volver a tu asiento.
42,11316,134.68,136.36, You can practice a few times.,"[51440, 509, 393, 3124, 257, 1326, 1413, 13, 51524]",0.0,-0.3599523914803704,1.940944881889764,9.665927791502328e-06,Puedes practicar unas cuantas veces.
43,11316,136.36,140.07999999999998, I'll hit it with a one-tip rotation and make it come back to its place.,"[51524, 286, 603, 2045, 309, 365, 257, 472, 12, 83, 647, 12447, 293, 652, 309, 808, 646, 281, 1080, 1081, 13, 51710]",0.0,-0.3599523914803704,1.940944881889764,9.665927791502328e-06,La golpeo con una rotación de una punta y la hago regresar a su lugar.
44,14316,143.96,145.96, It's back to its place.,"[50404, 467, 311, 646, 281, 1080, 1081, 13, 50504]",0.0,-0.3982999628240412,1.8605769230769231,0.000188131161849,Está de vuelta en su lugar.
45,14316,145.96,149.64, This is how you practice your points and organize them.,"[50504, 639, 307, 577, 291, 3124, 428, 2793, 293, 13859, 552, 13, 50688]",0.0,-0.3982999628240412,1.8605769230769231,0.000188131161849,Es así como puedes practicar tus puntos y organizarlos.
46,14316,149.64,152.68," If you connect the line to the next cushion corner,","[50688, 759, 291, 1745, 264, 1622, 281, 264, 958, 21908, 4538, 11, 50840]",0.0,-0.3982999628240412,1.8605769230769231,0.000188131161849,"Si conectas la línea al siguiente ángulo del cojín,"
47,14316,152.68,154.28, Let's start from this point.,"[50840, 961, 311, 722, 490, 341, 935, 13, 50920]",0.0,-0.3982999628240412,1.8605769230769231,0.000188131161849,Comencemos desde este punto.
48,14316,154.28,155.96," Then, with a two-tip rotation,","[50920, 1396, 11, 365, 257, 732, 12, 83, 647, 12447, 11, 51004]",0.0,-0.3982999628240412,1.8605769230769231,0.000188131161849,"Luego, con una rotación de dos puntas,"
49,14316,155.96,158.24, You can hit the corner and come to your seat.,"[51004, 509, 393, 2045, 264, 4538, 293, 808, 281, 428, 6121, 13, 51118]",0.0,-0.3982999628240412,1.8605769230769231,0.000188131161849,Puedes golpear el ángulo y llegar a tu asiento.
50,14316,158.24,161.16, Practice your points and organize them.,"[51118, 27904, 428, 2793, 293, 13859, 552, 13, 51264]",0.0,-0.3982999628240412,1.8605769230769231,0.000188131161849,Practica tus puntos y organízalos.
51,14316,165.24,167.76," If you come to your seat like this, you're accepted.","[51468, 759, 291, 808, 281, 428, 6121, 411, 341, 11, 291, 434, 9035, 13, 51594]",0.0,-0.3982999628240412,1.8605769230769231,0.000188131161849,"Si llegas a tu asiento así, estás aceptado."
52,14316,167.76,172.0," Now, if you draw a line towards the next cushion corner,","[51594, 823, 11, 498, 291, 2642, 257, 1622, 3030, 264, 958, 21908, 4538, 11, 51806]",0.0,-0.3982999628240412,1.8605769230769231,0.000188131161849,"Ahora, si dibujas una línea hacia el siguiente ángulo del cojín,"
53,17200,172.0,173.4, It's at the third point.,"[50364, 467, 311, 412, 264, 2636, 935, 13, 50434]",0.0,-0.4396766602523683,1.7617021276595746,5.738496111007407e-05,Está en el tercer punto.
54,17200,173.4,176.88, Practice to come to your seat with a three-tip rotation.,"[50434, 27904, 281, 808, 281, 428, 6121, 365, 257, 1045, 12, 83, 647, 12447, 13, 50608]",0.0,-0.4396766602523683,1.7617021276595746,5.738496111007407e-05,Practica para llegar a tu asiento con una rotación de tres puntas.
55,17200,180.48,182.04, It's in place.,"[50788, 467, 311, 294, 1081, 13, 50866]",0.0,-0.4396766602523683,1.7617021276595746,5.738496111007407e-05,Está en su lugar.
56,17200,182.04,185.32," Now, I drew a line towards the next cushion point.","[50866, 823, 11, 286, 12804, 257, 1622, 3030, 264, 958, 21908, 935, 13, 51030]",0.0,-0.4396766602523683,1.7617021276595746,5.738496111007407e-05,"Ahora, he dibujado una línea hacia el próximo punto del cojín."
57,17200,185.32,187.32, Let's start from the four-tip position.,"[51030, 961, 311, 722, 490, 264, 1451, 12, 83, 647, 2535, 13, 51130]",0.0,-0.4396766602523683,1.7617021276595746,5.738496111007407e-05,Comencemos desde la posición de cuatro puntas.
58,17200,187.32,188.88," When you come to your seat here,","[51130, 1133, 291, 808, 281, 428, 6121, 510, 11, 51208]",0.0,-0.4396766602523683,1.7617021276595746,5.738496111007407e-05,"Cuando llegues a tu asiento aquí,"
59,17200,188.88,190.4," Rather than the next cushion point,","[51208, 16571, 813, 264, 958, 21908, 935, 11, 51284]",0.0,-0.4396766602523683,1.7617021276595746,5.738496111007407e-05,"En lugar del siguiente ángulo del cojín,"
60,17200,190.4,194.0, You're going to hit the one-tip cushion corner deep.,"[51284, 509, 434, 516, 281, 2045, 264, 472, 12, 83, 647, 21908, 4538, 2452, 13, 51464]",0.0,-0.4396766602523683,1.7617021276595746,5.738496111007407e-05,Vas a golpear el ángulo del cojín profundo.
61,17200,194.0,197.2, You can think like this.,"[51464, 509, 393, 519, 411, 341, 13, 51624]",0.0,-0.4396766602523683,1.7617021276595746,5.738496111007407e-05,Puedes pensar así.
62,17200,197.2,198.72," If you hit the next cushion corner,","[51624, 759, 291, 2045, 264, 958, 21908, 4538, 11, 51700]",0.0,-0.4396766602523683,1.7617021276595746,5.738496111007407e-05,"Si golpeas el ángulo del cojín,"
63,17200,198.72,201.08, There's a chance it'll get a little longer.,"[51700, 821, 311, 257, 2931, 309, 603, 483, 257, 707, 2854, 13, 51818]",0.0,-0.4396766602523683,1.7617021276595746,5.738496111007407e-05,Hay una posibilidad de que se prolongue un poco más.
64,20108,201.08,202.16000000000005, Look at me hitting it.,"[50364, 2053, 412, 385, 8850, 309, 13, 50418]",0.0,-0.4328033140041684,1.7786561264822134,1.544602491776459e-05,Mírame golpeándolo.
65,20108,202.16000000000005,203.68, I'm going to put it deep.,"[50418, 286, 478, 516, 281, 829, 309, 2452, 13, 50494]",0.0,-0.4328033140041684,1.7786561264822134,1.544602491776459e-05,Voy a meterlo profundo.
66,20108,206.28,208.68," Now, if you do this, it's definitely coming to your seat.","[50624, 823, 11, 498, 291, 360, 341, 11, 309, 311, 2138, 1348, 281, 428, 6121, 13, 50744]",0.0,-0.4328033140041684,1.7786561264822134,1.544602491776459e-05,"Ahora, si lo haces así, definitivamente llegará a tu asiento."
67,20108,208.68,212.08," Now, if you're sure about the points,","[50744, 823, 11, 498, 291, 434, 988, 466, 264, 2793, 11, 50914]",0.0,-0.4328033140041684,1.7786561264822134,1.544602491776459e-05,"Ahora, si estás seguro sobre los puntos,"
68,20108,212.08,213.04, It's over.,"[50914, 467, 311, 670, 13, 50962]",0.0,-0.4328033140041684,1.7786561264822134,1.544602491776459e-05,Está terminado.
69,20108,213.04,214.64," Now, if you have a Q,","[50962, 823, 11, 498, 291, 362, 257, 1249, 11, 51042]",0.0,-0.4328033140041684,1.7786561264822134,1.544602491776459e-05,"Ahora, si tienes una Q,"
70,20108,214.64,216.4, Find all the one-cushion points.,"[51042, 11809, 439, 264, 472, 12, 1149, 71, 313, 2793, 13, 51130]",0.0,-0.4328033140041684,1.7786561264822134,1.544602491776459e-05,Encuentra todos los puntos del cojín solo.
71,20108,216.4,219.4, You can hit the full-lost system without difficulty.,"[51130, 509, 393, 2045, 264, 1577, 12, 75, 555, 1185, 1553, 10360, 13, 51280]",0.0,-0.4328033140041684,1.7786561264822134,1.544602491776459e-05,Puedes golpear el sistema sin pérdida de fácilmente.
72,20108,219.4,220.72000000000003, How do you hit it?,"[51280, 1012, 360, 291, 2045, 309, 30, 51346]",0.0,-0.4328033140041684,1.7786561264822134,1.544602491776459e-05,¿Cómo lo golpeas?
73,20108,220.72000000000003,222.8," With the Q, we're going to use the parallel measurement method.","[51346, 2022, 264, 1249, 11, 321, 434, 516, 281, 764, 264, 8952, 13160, 3170, 13, 51450]",0.0,-0.4328033140041684,1.7786561264822134,1.544602491776459e-05,"Con la Q, vamos a utilizar el método de medida paralela."
74,20108,222.8,224.16000000000005," You know, parallel movement.","[51450, 509, 458, 11, 8952, 3963, 13, 51518]",0.0,-0.4328033140041684,1.7786561264822134,1.544602491776459e-05,"Sabes, movimiento paralelo."
75,20108,224.16000000000005,226.2, I'm going to use that.,"[51518, 286, 478, 516, 281, 764, 300, 13, 51620]",0.0,-0.4328033140041684,1.7786561264822134,1.544602491776459e-05,Voy a usar eso.
76,20108,226.2,229.4," Now, in this form, I'm going to use today's method.","[51620, 823, 11, 294, 341, 1254, 11, 286, 478, 516, 281, 764, 965, 311, 3170, 13, 51780]",0.0,-0.4328033140041684,1.7786561264822134,1.544602491776459e-05,"Ahora, en esta forma, voy a utilizar el método de hoy."
77,22940,229.4,231.2, It's not coming to my seat right now.,"[50364, 467, 311, 406, 1348, 281, 452, 6121, 558, 586, 13, 50454]",0.2,-0.3838438592563018,2.3271375464684017,1.6964195310720243e-05,No está llegando a mi asiento en este momento.
78,22940,231.2,234.44, It's a situation where you have to find the one-cushion point.,"[50454, 467, 311, 257, 2590, 689, 291, 362, 281, 915, 264, 472, 12, 1149, 71, 313, 935, 13, 50616]",0.2,-0.3838438592563018,2.3271375464684017,1.6964195310720243e-05,Es una situación en la que tienes que encontrar el punto del cojín solo.
79,22940,234.44,237.16," In this case, check the point where you have to arrive first.","[50616, 682, 341, 1389, 11, 1520, 264, 935, 689, 291, 362, 281, 8881, 700, 13, 50752]",0.2,-0.3838438592563018,2.3271375464684017,1.6964195310720243e-05,"En este caso, verifica el punto donde debes llegar primero."
80,22940,237.16,239.24," Now, if you come to the first point,","[50752, 823, 11, 498, 291, 808, 281, 264, 700, 935, 11, 50856]",0.2,-0.3838438592563018,2.3271375464684017,1.6964195310720243e-05,"Ahora, si llegas al primer punto,"
81,22940,239.24,240.48, It's a score.,"[50856, 467, 311, 257, 6175, 13, 50918]",0.2,-0.3838438592563018,2.3271375464684017,1.6964195310720243e-05,Es un tanto.
82,22940,240.48,242.16," Then from this point,","[50918, 1396, 490, 341, 935, 11, 51002]",0.2,-0.3838438592563018,2.3271375464684017,1.6964195310720243e-05,"Luego desde este punto,"
83,22940,242.16,244.52, Draw a line to the center of the inner ball.,"[51002, 20386, 257, 1622, 281, 264, 3056, 295, 264, 7284, 2594, 13, 51120]",0.2,-0.3838438592563018,2.3271375464684017,1.6964195310720243e-05,Dibuja una línea hasta el centro del balón interior.
84,22940,244.52,246.12, I'm going to use the parallel measurement method.,"[51120, 286, 478, 516, 281, 764, 264, 8952, 13160, 3170, 13, 51200]",0.2,-0.3838438592563018,2.3271375464684017,1.6964195310720243e-05,Voy a utilizar el método de medición paralela.
85,22940,246.12,248.88, Draw a line and find the center of the line.,"[51200, 20386, 257, 1622, 293, 915, 264, 3056, 295, 264, 1622, 13, 51338]",0.2,-0.3838438592563018,2.3271375464684017,1.6964195310720243e-05,Dibuja una línea y encuentra el centro de la línea.
86,22940,248.88,249.88, The center of the line is here.,"[51338, 440, 3056, 295, 264, 1622, 307, 510, 13, 51388]",0.2,-0.3838438592563018,2.3271375464684017,1.6964195310720243e-05,El centro de la línea es aquí.
87,22940,249.88,254.04, The center of the line is the center of the line between the one-point and the four-point point.,"[51388, 440, 3056, 295, 264, 1622, 307, 264, 3056, 295, 264, 1622, 1296, 264, 472, 12, 6053, 293, 264, 1451, 12, 6053, 935, 13, 51596]",0.2,-0.3838438592563018,2.3271375464684017,1.6964195310720243e-05,El centro de la línea es el centro de la línea entre los puntos uno y cuatro.
88,22940,254.04,255.88, This is where the center of the line will be.,"[51596, 639, 307, 689, 264, 3056, 295, 264, 1622, 486, 312, 13, 51688]",0.2,-0.3838438592563018,2.3271375464684017,1.6964195310720243e-05,Esto es donde estará el centro de la línea.
89,22940,255.88,259.36, If you draw a line and the center of the line is the center of the cushion.,"[51688, 759, 291, 2642, 257, 1622, 293, 264, 3056, 295, 264, 1622, 307, 264, 3056, 295, 264, 21908, 13, 51862]",0.2,-0.3838438592563018,2.3271375464684017,1.6964195310720243e-05,Si dibujas una línea y el centro de la línea es el centro del cajón.
90,25936,259.6,263.24, Draw a line here towards the corner of the cushion.,"[50376, 20386, 257, 1622, 510, 3030, 264, 4538, 295, 264, 21908, 13, 50558]",0.0,-0.4885624892839039,1.8571428571428568,1.0129786460311152e-05,Dibuja una línea aquí hacia la esquina del cajón.
91,25936,263.24,264.72," After drawing like this,","[50558, 2381, 6316, 411, 341, 11, 50632]",0.0,-0.4885624892839039,1.8571428571428568,1.0129786460311152e-05,"Después de dibujar así,"
92,25936,264.72,267.6, This line to the center of the inner ball.,"[50632, 639, 1622, 281, 264, 3056, 295, 264, 7284, 2594, 13, 50776]",0.0,-0.4885624892839039,1.8571428571428568,1.0129786460311152e-05,Esta línea hasta el centro del balón interior.
93,25936,267.6,270.52000000000004, It's a little parallel movement.,"[50776, 467, 311, 257, 707, 8952, 3963, 13, 50922]",0.0,-0.4885624892839039,1.8571428571428568,1.0129786460311152e-05,Es un poco movimiento paralelo.
94,25936,270.52000000000004,271.92, I've made a parallel movement.,"[50922, 286, 600, 1027, 257, 8952, 3963, 13, 50992]",0.0,-0.4885624892839039,1.8571428571428568,1.0129786460311152e-05,He hecho un movimiento paralelo.
95,25936,271.92,275.28000000000003," It's about three points, four points.","[50992, 467, 311, 466, 1045, 2793, 11, 1451, 2793, 13, 51160]",0.0,-0.4885624892839039,1.8571428571428568,1.0129786460311152e-05,"Es sobre tres puntos, cuatro puntos."
96,25936,275.28000000000003,278.32, It's important to find the point where you're going to hit it.,"[51160, 467, 311, 1021, 281, 915, 264, 935, 689, 291, 434, 516, 281, 2045, 309, 13, 51312]",0.0,-0.4885624892839039,1.8571428571428568,1.0129786460311152e-05,Es importante encontrar el punto donde vas a golpearlo.
97,25936,278.32,280.8, The point where you have to arrive is the one-point.,"[51312, 440, 935, 689, 291, 362, 281, 8881, 307, 264, 472, 12, 6053, 13, 51436]",0.0,-0.4885624892839039,1.8571428571428568,1.0129786460311152e-05,El punto al que debes llegar es el uno-punto.
98,25936,280.8,283.6, The one-point rotation was a one-tip.,"[51436, 440, 472, 12, 6053, 12447, 390, 257, 472, 12, 83, 647, 13, 51576]",0.0,-0.4885624892839039,1.8571428571428568,1.0129786460311152e-05,La rotación de un solo punta fue una punta única.
99,25936,283.6,286.2," If you hit the one-tip cushion point now,","[51576, 759, 291, 2045, 264, 472, 12, 83, 647, 21908, 935, 586, 11, 51706]",0.0,-0.4885624892839039,1.8571428571428568,1.0129786460311152e-05,"Si golpeas ahora el punto de la punta del cajón,"
100,25936,286.2,287.88, It means you're scoring.,"[51706, 467, 1355, 291, 434, 22358, 13, 51790]",0.0,-0.4885624892839039,1.8571428571428568,1.0129786460311152e-05,Significa que estás marcando.
101,28788,287.88,291.6, I'm going to look at about three points and hit it with a one-tip rotation.,"[50364, 286, 478, 516, 281, 574, 412, 466, 1045, 2793, 293, 2045, 309, 365, 257, 472, 12, 83, 647, 12447, 13, 50550]",0.0,-0.3175896120743012,1.9878048780487805,2.586677146609873e-05,Voy a mirar sobre tres puntos y lo golpee con una rotación de punta única.
102,28788,294.76,295.84, I hit it.,"[50708, 286, 2045, 309, 13, 50762]",0.0,-0.3175896120743012,1.9878048780487805,2.586677146609873e-05,Lo golpeé.
103,28788,295.84,299.2, That means you can score like this.,"[50762, 663, 1355, 291, 393, 6175, 411, 341, 13, 50930]",0.0,-0.3175896120743012,1.9878048780487805,2.586677146609873e-05,Eso significa que puedes marcar como esto.
104,28788,299.2,301.12," Now, the position of the inner ball has changed.","[50930, 823, 11, 264, 2535, 295, 264, 7284, 2594, 575, 3105, 13, 51026]",0.0,-0.3175896120743012,1.9878048780487805,2.586677146609873e-05,"Ahora, la posición del balón interior ha cambiado."
105,28788,301.12,303.48, I'll try the same design method.,"[51026, 286, 603, 853, 264, 912, 1715, 3170, 13, 51144]",0.0,-0.3175896120743012,1.9878048780487805,2.586677146609873e-05,Intentaré el mismo método de diseño.
106,28788,303.48,306.04, The point where you have to arrive is the one-point.,"[51144, 440, 935, 689, 291, 362, 281, 8881, 307, 264, 472, 12, 6053, 13, 51272]",0.0,-0.3175896120743012,1.9878048780487805,2.586677146609873e-05,El punto al que debes llegar es el uno-punto.
107,28788,306.04,309.04, Draw a line from here to the inner ball and find the center.,"[51272, 20386, 257, 1622, 490, 510, 281, 264, 7284, 2594, 293, 915, 264, 3056, 13, 51422]",0.0,-0.3175896120743012,1.9878048780487805,2.586677146609873e-05,Dibuja una línea desde aquí hasta el balón interior y encuentra el centro.
108,28788,309.04,310.8," If you can't find the center,","[51422, 759, 291, 393, 380, 915, 264, 3056, 11, 51510]",0.0,-0.3175896120743012,1.9878048780487805,2.586677146609873e-05,"Si no puedes encontrar el centro,"
109,28788,310.8,312.56, The point where you have to arrive is the one-point.,"[51510, 440, 935, 689, 291, 362, 281, 8881, 307, 264, 472, 12, 6053, 13, 51598]",0.0,-0.3175896120743012,1.9878048780487805,2.586677146609873e-05,El punto al que debes llegar es el uno-punto.
110,28788,312.56,315.56, The point where the inner ball is standing is the fourth point.,"[51598, 440, 935, 689, 264, 7284, 2594, 307, 4877, 307, 264, 6409, 935, 13, 51748]",0.0,-0.3175896120743012,1.9878048780487805,2.586677146609873e-05,El punto en el que está parado el balón interior es el cuarto punto.
111,28788,315.56,317.04, It's three spaces apart.,"[51748, 467, 311, 1045, 7673, 4936, 13, 51822]",0.0,-0.3175896120743012,1.9878048780487805,2.586677146609873e-05,Están a tres espacios de distancia.
112,31704,317.04,319.52000000000004, That means the middle is the center.,"[50364, 663, 1355, 264, 2808, 307, 264, 3056, 13, 50488]",0.0,-0.4127725382320216,1.7991803278688523,5.307305036694743e-05,Eso significa que el medio es el centro.
113,31704,319.52000000000004,322.92, You can connect the middle of this line like this.,"[50488, 509, 393, 1745, 264, 2808, 295, 341, 1622, 411, 341, 13, 50658]",0.0,-0.4127725382320216,1.7991803278688523,5.307305036694743e-05,Puedes conectar el medio de esta línea así.
114,31704,322.92,326.08000000000004, Draw a line from this point to the corner of the short cushion.,"[50658, 20386, 257, 1622, 490, 341, 935, 281, 264, 4538, 295, 264, 2099, 21908, 13, 50816]",0.0,-0.4127725382320216,1.7991803278688523,5.307305036694743e-05,Dibuja una línea desde este punto hasta la esquina del cajón corto.
115,31704,326.08000000000004,329.12," After that, if you move the inner ball directly to the parallel,","[50816, 2381, 300, 11, 498, 291, 1286, 264, 7284, 2594, 3838, 281, 264, 8952, 11, 50968]",0.0,-0.4127725382320216,1.7991803278688523,5.307305036694743e-05,"Después de eso, si mueves directamente al balón interior paralelo,"
116,31704,329.12,332.16, About eight points are the point of the one cushion.,"[50968, 7769, 3180, 2793, 366, 264, 935, 295, 264, 472, 21908, 13, 51120]",0.0,-0.4127725382320216,1.7991803278688523,5.307305036694743e-05,A unos ocho puntos son el punto del uno cajón.
117,31704,332.16,336.64000000000004, The point where you have to arrive is the one-tip.,"[51120, 440, 935, 689, 291, 362, 281, 8881, 307, 264, 472, 12, 83, 647, 13, 51344]",0.0,-0.4127725382320216,1.7991803278688523,5.307305036694743e-05,El punto al que debes llegar es la punta única.
118,31704,336.64000000000004,338.0, You can trust me and hit it.,"[51344, 509, 393, 3361, 385, 293, 2045, 309, 13, 51412]",0.0,-0.4127725382320216,1.7991803278688523,5.307305036694743e-05,Puedes confiar en mí y golpearlo.
119,31704,340.24,344.20000000000005," If you hit it like this, you can match it this easily.","[51524, 759, 291, 2045, 309, 411, 341, 11, 291, 393, 2995, 309, 341, 3612, 13, 51722]",0.0,-0.4127725382320216,1.7991803278688523,5.307305036694743e-05,"Si lo golpeas así, puedes ajustarlo de esta manera fácilmente."
120,31704,344.20000000000005,345.48, I'll look at the current position.,"[51722, 286, 603, 574, 412, 264, 2190, 2535, 13, 51786]",0.0,-0.4127725382320216,1.7991803278688523,5.307305036694743e-05,Veré la posición actual.
121,34548,345.48,349.96000000000004," If you're this far away, you can't even calculate the flow system.","[50364, 759, 291, 434, 341, 1400, 1314, 11, 291, 393, 380, 754, 8873, 264, 3095, 1185, 13, 50588]",0.0,-0.4973233979323814,1.816793893129771,5.064367724116892e-05,"Si estás tan lejos, no puedes ni calcular el sistema de flujo."
122,34548,349.96000000000004,351.36, It's a little hard to calculate.,"[50588, 467, 311, 257, 707, 1152, 281, 8873, 13, 50658]",0.0,-0.4973233979323814,1.816793893129771,5.064367724116892e-05,Es un poco difícil de calcular.
123,34548,351.36,355.36," At times like this, you can just take the cue and just measure it.","[50658, 1711, 1413, 411, 341, 11, 291, 393, 445, 747, 264, 22656, 293, 445, 3481, 309, 13, 50858]",0.0,-0.4973233979323814,1.816793893129771,5.064367724116892e-05,"En momentos como este, simplemente toma el palo y midelo."
124,34548,355.36,356.40000000000003, It's the same as it is now.,"[50858, 467, 311, 264, 912, 382, 309, 307, 586, 13, 50910]",0.0,-0.4973233979323814,1.816793893129771,5.064367724116892e-05,Es lo mismo que ahora.
125,34548,356.40000000000003,358.56, The point where you have to arrive is the one-point.,"[50910, 440, 935, 689, 291, 362, 281, 8881, 307, 264, 472, 12, 6053, 13, 51018]",0.0,-0.4973233979323814,1.816793893129771,5.064367724116892e-05,El punto donde debes llegar es el uno-punto.
126,34548,358.56,360.56, The gap is five spaces apart.,"[51018, 440, 7417, 307, 1732, 7673, 4936, 13, 51118]",0.0,-0.4973233979323814,1.816793893129771,5.064367724116892e-05,La separación es de cinco espacios.
127,34548,360.56,363.88, Then the middle of this line is the two-space half point.,"[51118, 1396, 264, 2808, 295, 341, 1622, 307, 264, 732, 12, 24824, 1922, 935, 13, 51284]",0.0,-0.4973233979323814,1.816793893129771,5.064367724116892e-05,"Luego, el medio de esta línea es el dos-espacio punto medio."
128,34548,363.88,366.12, This is the center point.,"[51284, 639, 307, 264, 3056, 935, 13, 51396]",0.0,-0.4973233979323814,1.816793893129771,5.064367724116892e-05,Este es el punto central.
129,34548,366.12,367.08, It's near here.,"[51396, 467, 311, 2651, 510, 13, 51444]",0.0,-0.4973233979323814,1.816793893129771,5.064367724116892e-05,Está cerca aquí.
130,34548,367.08,369.68," Here, draw a line from the corner of the short cushion.","[51444, 1692, 11, 2642, 257, 1622, 490, 264, 4538, 295, 264, 2099, 21908, 13, 51574]",0.0,-0.4973233979323814,1.816793893129771,5.064367724116892e-05,"Aquí, dibuja una línea desde la esquina del corto cushion."
131,34548,369.68,371.4, This is just moving.,"[51574, 639, 307, 445, 2684, 13, 51660]",0.0,-0.4973233979323814,1.816793893129771,5.064367724116892e-05,Esto es solo moverlo.
132,34548,371.4,373.64, I'm just going to go.,"[51660, 286, 478, 445, 516, 281, 352, 13, 51772]",0.0,-0.4973233979323814,1.816793893129771,5.064367724116892e-05,Voy a ir hacia allá.
133,37364,373.64,375.68," I went to 19 points, 20 points.","[50364, 286, 1437, 281, 1294, 2793, 11, 945, 2793, 13, 50466]",0.0,-0.3917033398737672,1.7149532710280373,5.920694093219936e-05,"Fui a 19 puntos, 20 puntos."
134,37364,375.68,377.96, That's about the point of the one cushion.,"[50466, 663, 311, 466, 264, 935, 295, 264, 472, 21908, 13, 50580]",0.0,-0.3917033398737672,1.7149532710280373,5.920694093219936e-05,Eso es sobre el punto de la banda.
135,37364,377.96,380.76, I'll hit it with a one-tip.,"[50580, 286, 603, 2045, 309, 365, 257, 472, 12, 83, 647, 13, 50720]",0.0,-0.3917033398737672,1.7149532710280373,5.920694093219936e-05,Lo golpearé con un uno-tipo.
136,37364,382.68,386.24," If you hit it like this, you can score a great score.","[50816, 759, 291, 2045, 309, 411, 341, 11, 291, 393, 6175, 257, 869, 6175, 13, 50994]",0.0,-0.3917033398737672,1.7149532710280373,5.920694093219936e-05,"Si lo golpeas así, puedes marcar una gran puntuación."
137,37364,386.24,390.28, Now we're at the second point.,"[50994, 823, 321, 434, 412, 264, 1150, 935, 13, 51196]",0.0,-0.3917033398737672,1.7149532710280373,5.920694093219936e-05,Ahora estamos en el segundo punto.
138,37364,390.28,392.24, Then draw a line to the inner ball.,"[51196, 1396, 2642, 257, 1622, 281, 264, 7284, 2594, 13, 51294]",0.0,-0.3917033398737672,1.7149532710280373,5.920694093219936e-05,Luego dibuja una línea al balón interior.
139,37364,392.24,395.2," If you find the middle point, it's a two-space gap.","[51294, 759, 291, 915, 264, 2808, 935, 11, 309, 311, 257, 732, 12, 24824, 7417, 13, 51442]",0.0,-0.3917033398737672,1.7149532710280373,5.920694093219936e-05,"Si encuentras el punto medio, es un dos-espacio hueco."
140,37364,395.2,396.52, It's a one-space point.,"[51442, 467, 311, 257, 472, 12, 24824, 935, 13, 51508]",0.0,-0.3917033398737672,1.7149532710280373,5.920694093219936e-05,Es un punto de un espacio.
141,37364,396.52,399.16, You can start here in the middle.,"[51508, 509, 393, 722, 510, 294, 264, 2808, 13, 51640]",0.0,-0.3917033398737672,1.7149532710280373,5.920694093219936e-05,Puedes empezar aquí en el centro.
142,37364,399.16,401.52, Draw a line to the short cushion.,"[51640, 20386, 257, 1622, 281, 264, 2099, 21908, 13, 51758]",0.0,-0.3917033398737672,1.7149532710280373,5.920694093219936e-05,Dibuja una línea a la banda corta.
143,40152,401.52,403.6, Just move it straight.,"[50364, 1449, 1286, 309, 2997, 13, 50468]",0.0,-0.4404845237731933,1.7804878048780488,0.0004044505185447,Solo muevete recto.
144,40152,403.6,406.0," If you move it, it's about four points.","[50468, 759, 291, 1286, 309, 11, 309, 311, 466, 1451, 2793, 13, 50588]",0.0,-0.4404845237731933,1.7804878048780488,0.0004044505185447,"Si lo mueves, es sobre cuatro puntos."
145,40152,406.0,407.8, It's going to be the one cushion point.,"[50588, 467, 311, 516, 281, 312, 264, 472, 21908, 935, 13, 50678]",0.0,-0.4404845237731933,1.7804878048780488,0.0004044505185447,Va a ser el punto de la banda uno.
146,40152,407.8,410.52, What kind of rotation do you hit four points?,"[50678, 708, 733, 295, 12447, 360, 291, 2045, 1451, 2793, 30, 50814]",0.0,-0.4404845237731933,1.7804878048780488,0.0004044505185447,¿Qué tipo de rotación golpeas cuatro puntos?
147,40152,410.52,414.12, The advantage of the point where you have to arrive is two-tip.,"[50814, 440, 5002, 295, 264, 935, 689, 291, 362, 281, 8881, 307, 732, 12, 83, 647, 13, 50994]",0.0,-0.4404845237731933,1.7804878048780488,0.0004044505185447,La ventaja del punto donde debes llegar es dos-tipo.
148,40152,414.12,416.08, You hit it with two-tip.,"[50994, 509, 2045, 309, 365, 732, 12, 83, 647, 13, 51092]",0.0,-0.4404845237731933,1.7804878048780488,0.0004044505185447,Lo golpeaste con dos-tipos.
149,40152,418.68,421.92," If you hit it like this, you can hit it very easily.","[51222, 759, 291, 2045, 309, 411, 341, 11, 291, 393, 2045, 309, 588, 3612, 13, 51384]",0.0,-0.4404845237731933,1.7804878048780488,0.0004044505185447,"Si lo golpeas así, puedes golpearlo muy fácilmente."
150,40152,421.92,423.84," It's pretty accurate, everyone.","[51384, 467, 311, 1238, 8559, 11, 1518, 13, 51480]",0.0,-0.4404845237731933,1.7804878048780488,0.0004044505185447,"Es bastante preciso, todos."
151,40152,423.84,425.04," Now, just like now,","[51480, 823, 11, 445, 411, 586, 11, 51540]",0.0,-0.4404845237731933,1.7804878048780488,0.0004044505185447,"Ahora, justo como ahora,"
152,40152,425.04,427.16," If you come in like this for the second point,","[51540, 759, 291, 808, 294, 411, 341, 337, 264, 1150, 935, 11, 51646]",0.0,-0.4404845237731933,1.7804878048780488,0.0004044505185447,"Si llegas como esto para el segundo punto,"
153,40152,427.16,429.92," If you come near this day, you'll score a score.","[51646, 759, 291, 808, 2651, 341, 786, 11, 291, 603, 6175, 257, 6175, 13, 51784]",0.0,-0.4404845237731933,1.7804878048780488,0.0004044505185447,"Si llegas a este día, marcarás una puntuación."
154,42992,429.92,431.56, Draw a line to the inner ball.,"[50364, 20386, 257, 1622, 281, 264, 7284, 2594, 13, 50446]",0.0,-0.3748135647531283,1.6621004566210045,0.0002492146159056,Dibuja una línea al balón interior.
155,42992,431.56,433.96," It's a three-space gap, so it's a one-space point.","[50446, 467, 311, 257, 1045, 12, 24824, 7417, 11, 370, 309, 311, 257, 472, 12, 24824, 935, 13, 50566]",0.0,-0.3748135647531283,1.6621004566210045,0.0002492146159056,"Es un tres-espacio hueco, así que es un punto de un espacio."
156,42992,433.96,436.36, I kicked the middle of the line like this.,"[50566, 286, 14609, 264, 2808, 295, 264, 1622, 411, 341, 13, 50686]",0.0,-0.3748135647531283,1.6621004566210045,0.0002492146159056,Le di un puntapié en el medio de la línea como esto.
157,42992,436.36,439.6, You draw a line to the short cushion corner.,"[50686, 509, 2642, 257, 1622, 281, 264, 2099, 21908, 4538, 13, 50848]",0.0,-0.3748135647531283,1.6621004566210045,0.0002492146159056,Dibuja una línea a la esquina del corto cushion.
158,42992,439.6,441.68, Move it straight.,"[50848, 10475, 309, 2997, 13, 50952]",0.0,-0.3748135647531283,1.6621004566210045,0.0002492146159056,Muevete recto.
159,42992,441.68,445.08, Then the one cushion point will be about 10 points.,"[50952, 1396, 264, 472, 21908, 935, 486, 312, 466, 1266, 2793, 13, 51122]",0.0,-0.3748135647531283,1.6621004566210045,0.0002492146159056,"Luego, el punto de la banda uno será sobre 10 puntos."
160,42992,445.08,448.16, I'll hit it with two-tip rotation.,"[51122, 286, 603, 2045, 309, 365, 732, 12, 83, 647, 12447, 13, 51276]",0.0,-0.3748135647531283,1.6621004566210045,0.0002492146159056,Lo golpearé con una rotación de dos punteros.
161,42992,448.16,449.2000000000001, Just trust me.,"[51276, 1449, 3361, 385, 13, 51328]",0.0,-0.3748135647531283,1.6621004566210045,0.0002492146159056,Solo confíame.
162,42992,449.2000000000001,455.04, Just hit the one that's set.,"[51328, 1449, 2045, 264, 472, 300, 311, 992, 13, 51620]",0.0,-0.3748135647531283,1.6621004566210045,0.0002492146159056,Justa el que está puesto.
163,42992,455.04,458.96," If you hit it like this, it's almost a score.","[51620, 759, 291, 2045, 309, 411, 341, 11, 309, 311, 1920, 257, 6175, 13, 51816]",0.0,-0.3748135647531283,1.6621004566210045,0.0002492146159056,"Si lo golpeas así, es casi un tanto."
164,45896,458.96,460.76," Now, the gap is a little far away.","[50364, 823, 11, 264, 7417, 307, 257, 707, 1400, 1314, 13, 50454]",0.0,-0.3839222077400454,1.7427536231884058,0.00014425291738,"Ahora, la brecha es un poco lejos."
165,45896,460.76,461.76, But it doesn't matter.,"[50454, 583, 309, 1177, 380, 1871, 13, 50504]",0.0,-0.3839222077400454,1.7427536231884058,0.00014425291738,Pero no importa.
166,45896,461.76,463.84, You just have to kick the middle point well.,"[50504, 509, 445, 362, 281, 4437, 264, 2808, 935, 731, 13, 50608]",0.0,-0.3839222077400454,1.7427536231884058,0.00014425291738,Solo tienes que darle bien en el punto medio.
167,45896,463.84,466.4," It's a one-space, two-space, three-space, four-space gap.","[50608, 467, 311, 257, 472, 12, 24824, 11, 732, 12, 24824, 11, 1045, 12, 24824, 11, 1451, 12, 24824, 7417, 13, 50736]",0.0,-0.3839222077400454,1.7427536231884058,0.00014425291738,"Es una brecha de uno, dos, tres, cuatro espacios."
168,45896,466.4,469.8, You can find a intersection in the second one.,"[50736, 509, 393, 915, 257, 15236, 294, 264, 1150, 472, 13, 50906]",0.0,-0.3839222077400454,1.7427536231884058,0.00014425291738,Puedes encontrar una intersección en el segundo.
169,45896,469.8,470.88, I'll do this.,"[50906, 286, 603, 360, 341, 13, 50960]",0.0,-0.3839222077400454,1.7427536231884058,0.00014425291738,Lo haré así.
170,45896,470.88,473.04," It's the second one, so it's going to be somewhere like this.","[50960, 467, 311, 264, 1150, 472, 11, 370, 309, 311, 516, 281, 312, 4079, 411, 341, 13, 51068]",0.0,-0.3839222077400454,1.7427536231884058,0.00014425291738,"Es la segunda, por lo tanto, va a estar en algún lugar como esto."
171,45896,473.04,474.88, Draw a line to the short cushion corner.,"[51068, 20386, 257, 1622, 281, 264, 2099, 21908, 4538, 13, 51160]",0.0,-0.3839222077400454,1.7427536231884058,0.00014425291738,Dibuja una línea hasta la esquina del borde corto de la banda.
172,45896,474.88,475.72, I'm going straight.,"[51160, 286, 478, 516, 2997, 13, 51202]",0.0,-0.3839222077400454,1.7427536231884058,0.00014425291738,Voy recto.
173,45896,475.72,480.36," I went straight, and it looks like it's about 16 or 17 points.","[51202, 286, 1437, 2997, 11, 293, 309, 1542, 411, 309, 311, 466, 3165, 420, 3282, 2793, 13, 51434]",0.0,-0.3839222077400454,1.7427536231884058,0.00014425291738,Fui recto y parece que es unos 16 o 17 puntos.
174,45896,480.36,482.92, I'll hit it with two-tip rotation.,"[51434, 286, 603, 2045, 309, 365, 732, 12, 83, 647, 12447, 13, 51562]",0.0,-0.3839222077400454,1.7427536231884058,0.00014425291738,Lo golpearé con rotación de dos punteros.
175,45896,485.0,488.72," If you hit it like this, it's amazing.","[51666, 759, 291, 2045, 309, 411, 341, 11, 309, 311, 2243, 13, 51852]",0.0,-0.3839222077400454,1.7427536231884058,0.00014425291738,"Si lo golpeas así, es increíble."
176,48872,488.72,492.4," Now, you'll understand how to design something.","[50364, 823, 11, 291, 603, 1223, 577, 281, 1715, 746, 13, 50548]",0.0,-0.3991108077893154,1.743682310469314,5.093584150017705e-06,Ahora entenderás cómo diseñar algo.
177,48872,492.4,495.72, Now we have to get to the third point.,"[50548, 823, 321, 362, 281, 483, 281, 264, 2636, 935, 13, 50714]",0.0,-0.3991108077893154,1.743682310469314,5.093584150017705e-06,Ahora tenemos que llegar al tercer punto.
178,48872,495.72,497.96, I'm going to do a parallel measurement from here.,"[50714, 286, 478, 516, 281, 360, 257, 8952, 13160, 490, 510, 13, 50826]",0.0,-0.3991108077893154,1.743682310469314,5.093584150017705e-06,Voy a hacer una medición paralela desde aquí.
179,48872,497.96,502.04," Since the gap is two spaces apart, one space is the center.","[50826, 4162, 264, 7417, 307, 732, 7673, 4936, 11, 472, 1901, 307, 264, 3056, 13, 51030]",0.0,-0.3991108077893154,1.743682310469314,5.093584150017705e-06,"Dado que la brecha está a dos espacios aparte, un espacio es el centro."
180,48872,502.04,503.16, Draw a line like this.,"[51030, 20386, 257, 1622, 411, 341, 13, 51086]",0.0,-0.3991108077893154,1.743682310469314,5.093584150017705e-06,Dibuja una línea así.
181,48872,503.16,505.92, Draw a line in the short cushion corner at the center.,"[51086, 20386, 257, 1622, 294, 264, 2099, 21908, 4538, 412, 264, 3056, 13, 51224]",0.0,-0.3991108077893154,1.743682310469314,5.093584150017705e-06,Dibuja una línea en la esquina del borde corto de la banda en el centro.
182,48872,505.92,508.0, Just move it straight.,"[51224, 1449, 1286, 309, 2997, 13, 51328]",0.0,-0.3991108077893154,1.743682310469314,5.093584150017705e-06,Solo muévelo recto.
183,48872,508.0,510.16," If you keep going, it's about six points.","[51328, 759, 291, 1066, 516, 11, 309, 311, 466, 2309, 2793, 13, 51436]",0.0,-0.3991108077893154,1.743682310469314,5.093584150017705e-06,"Si sigues adelante, es unos seis puntos."
184,48872,510.16,511.6, It's the point of the one cushion.,"[51436, 467, 311, 264, 935, 295, 264, 472, 21908, 13, 51508]",0.0,-0.3991108077893154,1.743682310469314,5.093584150017705e-06,Es el punto de la banda de un lado.
185,48872,511.6,514.72, But you have to come to the third point.,"[51508, 583, 291, 362, 281, 808, 281, 264, 2636, 935, 13, 51664]",0.0,-0.3991108077893154,1.743682310469314,5.093584150017705e-06,Pero tienes que llegar al tercer punto.
186,48872,514.72,518.44, The advantage of this is that you can give me a three-tip rotation.,"[51664, 440, 5002, 295, 341, 307, 300, 291, 393, 976, 385, 257, 1045, 12, 83, 647, 12447, 13, 51850]",0.0,-0.3991108077893154,1.743682310469314,5.093584150017705e-06,La ventaja de esto es que puedo darte una rotación de tres punteros.
187,51844,518.44,520.5200000000001, I'll hit it towards the two points.,"[50364, 286, 603, 2045, 309, 3030, 264, 732, 2793, 13, 50468]",0.0,-0.4001893395776147,1.646017699115044,7.6018572144676e-05,Lo golpearé hacia los dos puntos.
188,51844,522.72,526.96," If you hit it like this, you can hit it very accurately.","[50578, 759, 291, 2045, 309, 411, 341, 11, 291, 393, 2045, 309, 588, 20095, 13, 50790]",0.0,-0.4001893395776147,1.646017699115044,7.6018572144676e-05,"Si lo golpeas así, puedes golpearlo con mucha precisión."
189,51844,526.96,529.12, I'll design it simply now.,"[50790, 286, 603, 1715, 309, 2935, 586, 13, 50898]",0.0,-0.4001893395776147,1.646017699115044,7.6018572144676e-05,Lo diseñaré simplemente ahora.
190,51844,529.12,531.9200000000001, Find the center quickly.,"[50898, 11809, 264, 3056, 2661, 13, 51038]",0.0,-0.4001893395776147,1.646017699115044,7.6018572144676e-05,Encuentra el centro rápidamente.
191,51844,531.9200000000001,533.8800000000001," It's three spaces apart, so it's one and a half.","[51038, 467, 311, 1045, 7673, 4936, 11, 370, 309, 311, 472, 293, 257, 1922, 13, 51136]",0.0,-0.4001893395776147,1.646017699115044,7.6018572144676e-05,"Es a tres espacios aparte, por lo tanto es uno y medio."
192,51844,533.8800000000001,537.36, Draw a line to the short cushion point.,"[51136, 20386, 257, 1622, 281, 264, 2099, 21908, 935, 13, 51310]",0.0,-0.4001893395776147,1.646017699115044,7.6018572144676e-05,Dibuja una línea hasta la esquina del borde corto de la banda.
193,51844,537.36,538.7600000000001, Just move it straight.,"[51310, 1449, 1286, 309, 2997, 13, 51380]",0.0,-0.4001893395776147,1.646017699115044,7.6018572144676e-05,Solo muévelo recto.
194,51844,538.7600000000001,542.5600000000001, One cushion point is about 12 points.,"[51380, 1485, 21908, 935, 307, 466, 2272, 2793, 13, 51570]",0.0,-0.4001893395776147,1.646017699115044,7.6018572144676e-05,El punto de la banda de un lado es unos 12 puntos.
195,51844,542.5600000000001,544.1600000000001, You don't have to be too sensitive.,"[51570, 509, 500, 380, 362, 281, 312, 886, 9477, 13, 51650]",0.0,-0.4001893395776147,1.646017699115044,7.6018572144676e-05,No tienes que ser demasiado sensible.
196,51844,544.1600000000001,547.08, Just move it straight and hit it near it.,"[51650, 1449, 1286, 309, 2997, 293, 2045, 309, 2651, 309, 13, 51796]",0.0,-0.4001893395776147,1.646017699115044,7.6018572144676e-05,Solo muévalo recto y golpéalo cerca.
197,54844,548.44,552.5600000000001," If you feed it well, it's a great solution.","[50364, 759, 291, 3154, 309, 731, 11, 309, 311, 257, 869, 3827, 13, 50570]",0.0,-0.4456733820092587,1.8376068376068373,3.763481799978763e-05,"Si lo alimentas bien, es una gran solución."
198,54844,552.5600000000001,554.6800000000001, I'll hit this too.,"[50570, 286, 603, 2045, 341, 886, 13, 50676]",0.0,-0.4456733820092587,1.8376068376068373,3.763481799978763e-05,Lo golpearé también.
199,54844,554.6800000000001,558.24, The point you have to get to now is the center of the fourth point.,"[50676, 440, 935, 291, 362, 281, 483, 281, 586, 307, 264, 3056, 295, 264, 6409, 935, 13, 50854]",0.0,-0.4456733820092587,1.8376068376068373,3.763481799978763e-05,El punto al que ahora tienes que llegar es el centro del cuarto punto.
200,54844,558.24,561.5200000000001, Draw a line from the center to the inside.,"[50854, 20386, 257, 1622, 490, 264, 3056, 281, 264, 1854, 13, 51018]",0.0,-0.4456733820092587,1.8376068376068373,3.763481799978763e-05,Dibuja una línea desde el centro hacia adentro.
201,54844,561.5200000000001,562.44, Find the center.,"[51018, 11809, 264, 3056, 13, 51064]",0.0,-0.4456733820092587,1.8376068376068373,3.763481799978763e-05,Encuentra el centro.
202,54844,562.44,564.12," It's two spaces apart, so it's here.","[51064, 467, 311, 732, 7673, 4936, 11, 370, 309, 311, 510, 13, 51148]",0.0,-0.4456733820092587,1.8376068376068373,3.763481799978763e-05,"Está dos espacios aparte, así que está aquí."
203,54844,564.12,567.5600000000001," It's here, but now it's time to think about the line for the corner.","[51148, 467, 311, 510, 11, 457, 586, 309, 311, 565, 281, 519, 466, 264, 1622, 337, 264, 4538, 13, 51320]",0.0,-0.4456733820092587,1.8376068376068373,3.763481799978763e-05,"Está aquí, pero ahora es hora de pensar en la línea para la esquina."
204,54844,567.5600000000001,571.12," When I was in the fourth point, the four tips,","[51320, 1133, 286, 390, 294, 264, 6409, 935, 11, 264, 1451, 6082, 11, 51498]",0.0,-0.4456733820092587,1.8376068376068373,3.763481799978763e-05,"Cuando estaba en el cuarto punto, los cuatro extremos."
205,54844,571.12,573.6, We hit the corner deeply.,"[51498, 492, 2045, 264, 4538, 8760, 13, 51622]",0.0,-0.4456733820092587,1.8376068376068373,3.763481799978763e-05,Le damos al ángulo un golpe profundo.
206,54844,573.6,577.08," That means when you draw a line in the center of the corner,","[51622, 663, 1355, 562, 291, 2642, 257, 1622, 294, 264, 3056, 295, 264, 4538, 11, 51796]",0.0,-0.4456733820092587,1.8376068376068373,3.763481799978763e-05,Eso significa cuando dibujas una línea en el centro del ángulo
207,57708,577.08,579.12, I'm not drawing a short cushion point.,"[50364, 286, 478, 406, 6316, 257, 2099, 21908, 935, 13, 50466]",0.0,-0.4427778548088626,1.7137546468401488,0.0004107831337023,No estoy dibujando un punto de banda corto.
208,57708,579.12,581.84, I'm just drawing a line deep in the corner.,"[50466, 286, 478, 445, 6316, 257, 1622, 2452, 294, 264, 4538, 13, 50602]",0.0,-0.4427778548088626,1.7137546468401488,0.0004107831337023,Estoy solo dibujando una línea profunda en el ángulo.
209,57708,581.84,584.44, Make a completely deep line.,"[50602, 4387, 257, 2584, 2452, 1622, 13, 50732]",0.0,-0.4427778548088626,1.7137546468401488,0.0004107831337023,Haz una línea completamente profunda.
210,57708,584.44,586.64, Move that line.,"[50732, 10475, 300, 1622, 13, 50842]",0.0,-0.4427778548088626,1.7137546468401488,0.0004107831337023,Mueve esa línea.
211,57708,586.64,590.36, Then the one cushion point is about four points.,"[50842, 1396, 264, 472, 21908, 935, 307, 466, 1451, 2793, 13, 51028]",0.0,-0.4427778548088626,1.7137546468401488,0.0004107831337023,Luego el punto de banda es de unos cuatro puntos.
212,57708,590.36,592.88, You're hitting it near that with a four-tip rotation.,"[51028, 509, 434, 8850, 309, 2651, 300, 365, 257, 1451, 12, 83, 647, 12447, 13, 51154]",0.0,-0.4427778548088626,1.7137546468401488,0.0004107831337023,Tienes que golpearlo cerca con un giro de cuatro puntas.
213,57708,592.88,596.6," In this situation, you have to lift it up a little bit.","[51154, 682, 341, 2590, 11, 291, 362, 281, 5533, 309, 493, 257, 707, 857, 13, 51340]",0.0,-0.4427778548088626,1.7137546468401488,0.0004107831337023,"En esta situación, tienes que levantarlo un poco."
214,57708,596.6,598.9200000000001," If you hit it right, look.","[51340, 759, 291, 2045, 309, 558, 11, 574, 13, 51456]",0.0,-0.4427778548088626,1.7137546468401488,0.0004107831337023,"Si lo golpeas bien, mira."
215,57708,598.9200000000001,600.6800000000001, It's coming to the center exactly.,"[51456, 467, 311, 1348, 281, 264, 3056, 2293, 13, 51544]",0.0,-0.4427778548088626,1.7137546468401488,0.0004107831337023,Está llegando al centro exactamente.
216,57708,600.6800000000001,602.0," But when you play games,","[51544, 583, 562, 291, 862, 2813, 11, 51610]",0.0,-0.4427778548088626,1.7137546468401488,0.0004107831337023,"Pero cuando juegas juegos,"
217,57708,602.0,604.36, There's going to be a lot of these cases.,"[51610, 821, 311, 516, 281, 312, 257, 688, 295, 613, 3331, 13, 51728]",0.0,-0.4427778548088626,1.7137546468401488,0.0004107831337023,Hay muchas situaciones como esta.
218,57708,604.36,606.36," When you see the point you're about to reach,","[51728, 1133, 291, 536, 264, 935, 291, 434, 466, 281, 2524, 11, 51828]",0.0,-0.4427778548088626,1.7137546468401488,0.0004107831337023,"Cuando ves el punto que vas a alcanzar,"
219,60636,606.36,608.4," It's not one point, it's not two points.","[50364, 467, 311, 406, 472, 935, 11, 309, 311, 406, 732, 2793, 13, 50466]",0.0,-0.4386432697246601,1.876865671641791,3.120042310911231e-05,"No es un punto, no es dos puntos."
220,60636,608.4,611.4," Two points look short, one point is long.","[50466, 4453, 2793, 574, 2099, 11, 472, 935, 307, 938, 13, 50616]",0.0,-0.4386432697246601,1.876865671641791,3.120042310911231e-05,"Dos puntos parecen cortos, uno punto es largo."
221,60636,611.4,612.88, You have to come in the middle.,"[50616, 509, 362, 281, 808, 294, 264, 2808, 13, 50690]",0.0,-0.4386432697246601,1.876865671641791,3.120042310911231e-05,Tienes que llegar al medio.
222,60636,612.88,617.08," If you come in the middle, you're going to have to give me half a one-tip.","[50690, 759, 291, 808, 294, 264, 2808, 11, 291, 434, 516, 281, 362, 281, 976, 385, 1922, 257, 472, 12, 83, 647, 13, 50900]",0.0,-0.4386432697246601,1.876865671641791,3.120042310911231e-05,"Si llegas al medio, tienes que darme la mitad de un giro de una punta."
223,60636,617.08,618.64, It's hard to hit it like that.,"[50900, 467, 311, 1152, 281, 2045, 309, 411, 300, 13, 50978]",0.0,-0.4386432697246601,1.876865671641791,3.120042310911231e-05,Es difícil golpearlo así.
224,60636,618.64,622.44, It's not easy to hit the one-tip half point exactly.,"[50978, 467, 311, 406, 1858, 281, 2045, 264, 472, 12, 83, 647, 1922, 935, 2293, 13, 51168]",0.0,-0.4386432697246601,1.876865671641791,3.120042310911231e-05,No es fácil golpear el punto de una punta exactamente.
225,60636,622.44,624.08," Then in this case, you can just go up.","[51168, 1396, 294, 341, 1389, 11, 291, 393, 445, 352, 493, 13, 51250]",0.0,-0.4386432697246601,1.876865671641791,3.120042310911231e-05,"Luego en este caso, puedes simplemente subir."
226,60636,624.08,627.36, It's good to set the standard for the side with a lot of rotation.,"[51250, 467, 311, 665, 281, 992, 264, 3832, 337, 264, 1252, 365, 257, 688, 295, 12447, 13, 51414]",0.0,-0.4386432697246601,1.876865671641791,3.120042310911231e-05,Es bueno establecer el estándar para el lado con mucha rotación.
227,60636,627.36,630.0," After designing it based on the two tips,","[51414, 2381, 14685, 309, 2361, 322, 264, 732, 6082, 11, 51546]",0.0,-0.4386432697246601,1.876865671641791,3.120042310911231e-05,Después de diseñarlo basado en las dos puntas
228,60636,630.0,632.5600000000001, It's easy to slightly correct the line.,"[51546, 467, 311, 1858, 281, 4748, 3006, 264, 1622, 13, 51674]",0.0,-0.4386432697246601,1.876865671641791,3.120042310911231e-05,Es fácil corregir ligeramente la línea.
229,60636,632.5600000000001,635.16, Then find the center at the second point.,"[51674, 1396, 915, 264, 3056, 412, 264, 1150, 935, 13, 51804]",0.0,-0.4386432697246601,1.876865671641791,3.120042310911231e-05,Luego encuentra el centro en el segundo punto.
230,63516,635.16,636.76," If you do this, it's a one-way gap.","[50364, 759, 291, 360, 341, 11, 309, 311, 257, 472, 12, 676, 7417, 13, 50444]",0.0,-0.3512142925727658,2.051094890510949,2.6273926778230816e-05,"Si haces esto, es un hueco de ida."
231,63516,636.76,639.04, You can start the parallel movement here.,"[50444, 509, 393, 722, 264, 8952, 3963, 510, 13, 50558]",0.0,-0.3512142925727658,2.051094890510949,2.6273926778230816e-05,Puedes empezar el movimiento paralelo aquí.
232,63516,639.04,643.4399999999999," If you start like this, the one cushion point is about four points.","[50558, 759, 291, 722, 411, 341, 11, 264, 472, 21908, 935, 307, 466, 1451, 2793, 13, 50778]",0.0,-0.3512142925727658,2.051094890510949,2.6273926778230816e-05,"Si comienzas así, el punto de banda es de unos cuatro puntos."
233,63516,643.4399999999999,646.1999999999999," If you hit this with a two-tip rotation, where do you come to?","[50778, 759, 291, 2045, 341, 365, 257, 732, 12, 83, 647, 12447, 11, 689, 360, 291, 808, 281, 30, 50916]",0.0,-0.3512142925727658,2.051094890510949,2.6273926778230816e-05,"Si golpeas esto con una rotación de dos puntas, ¿dónde vienes a?"
234,63516,646.1999999999999,648.0, It's going to come to the second point.,"[50916, 467, 311, 516, 281, 808, 281, 264, 1150, 935, 13, 51006]",0.0,-0.3512142925727658,2.051094890510949,2.6273926778230816e-05,Está llegando al segundo punto.
235,63516,648.0,650.68, But we're in a situation where we have to come a little longer.,"[51006, 583, 321, 434, 294, 257, 2590, 689, 321, 362, 281, 808, 257, 707, 2854, 13, 51140]",0.0,-0.3512142925727658,2.051094890510949,2.6273926778230816e-05,Pero estamos en una situación donde tenemos que llegar un poco más largo.
236,63516,650.68,652.04," Then at this one cushion point,","[51140, 1396, 412, 341, 472, 21908, 935, 11, 51208]",0.0,-0.3512142925727658,2.051094890510949,2.6273926778230816e-05,Luego en este punto de banda
237,63516,652.04,655.36," You can think of it as hitting two points, three points back.","[51208, 509, 393, 519, 295, 309, 382, 8850, 732, 2793, 11, 1045, 2793, 646, 13, 51374]",0.0,-0.3512142925727658,2.051094890510949,2.6273926778230816e-05,"Puedes pensar en él como golpeando dos puntos, tres puntos atrás."
238,63516,655.36,658.7199999999999," Then at four points, I'm going to look at seven points and hit it.","[51374, 1396, 412, 1451, 2793, 11, 286, 478, 516, 281, 574, 412, 3407, 2793, 293, 2045, 309, 13, 51542]",0.0,-0.3512142925727658,2.051094890510949,2.6273926778230816e-05,"Luego en cuatro puntos, voy a mirar siete puntos y lo golpee."
239,63516,658.7199999999999,661.8," If you look at seven points and hit it with a two-tip, it's going to be a little longer.","[51542, 759, 291, 574, 412, 3407, 2793, 293, 2045, 309, 365, 257, 732, 12, 83, 647, 11, 309, 311, 516, 281, 312, 257, 707, 2854, 13, 51696]",0.0,-0.3512142925727658,2.051094890510949,2.6273926778230816e-05,"Si miras siete puntos y lo golpeas con una rotación de dos puntas, va a ser un poco más largo."
240,66180,662.4799999999999,664.3599999999999," If you hit it like this, look at it.","[50398, 759, 291, 2045, 309, 411, 341, 11, 574, 412, 309, 13, 50492]",0.0,-0.4511886187047766,1.8576642335766425,0.0001022950164042,"Si lo golpeas así, mira."
241,66180,664.3599999999999,667.68, That's how long it gets and you can hit it safely.,"[50492, 663, 311, 577, 938, 309, 2170, 293, 291, 393, 2045, 309, 11750, 13, 50658]",0.0,-0.4511886187047766,1.8576642335766425,0.0001022950164042,Eso es cómo se alarga y puedes golpearlo a salvo.
242,66180,667.68,669.4399999999999," Now, look at the current arrangement.","[50658, 823, 11, 574, 412, 264, 2190, 17620, 13, 50746]",0.0,-0.4511886187047766,1.8576642335766425,0.0001022950164042,"Ahora, mira la disposición actual."
243,66180,669.4399999999999,671.4799999999999," The second point looks long, right?","[50746, 440, 1150, 935, 1542, 938, 11, 558, 30, 50848]",0.0,-0.4511886187047766,1.8576642335766425,0.0001022950164042,"El segundo punto parece largo, ¿verdad?"
244,66180,671.4799999999999,674.3199999999999," If you look at the third point like this, it looks short.","[50848, 759, 291, 574, 412, 264, 2636, 935, 411, 341, 11, 309, 1542, 2099, 13, 50990]",0.0,-0.4511886187047766,1.8576642335766425,0.0001022950164042,"Si miras el tercer punto como esto, parece corto."
245,66180,674.3199999999999,675.64, It's about the middle.,"[50990, 467, 311, 466, 264, 2808, 13, 51056]",0.0,-0.4511886187047766,1.8576642335766425,0.0001022950164042,Es sobre el medio.
246,66180,675.64,679.5999999999999," In this case, we're just going to design it based on the side with a lot of rotation.","[51056, 682, 341, 1389, 11, 321, 434, 445, 516, 281, 1715, 309, 2361, 322, 264, 1252, 365, 257, 688, 295, 12447, 13, 51254]",0.0,-0.4511886187047766,1.8576642335766425,0.0001022950164042,"En este caso, solo vamos a diseñarlo basado en el lado con mucha rotación."
247,66180,679.5999999999999,682.12, I'll design it based on the third point here.,"[51254, 286, 603, 1715, 309, 2361, 322, 264, 2636, 935, 510, 13, 51380]",0.0,-0.4511886187047766,1.8576642335766425,0.0001022950164042,Voy a diseñarlo basado en el tercer punto aquí.
248,66180,682.12,683.92," After drawing a line to the ball,","[51380, 2381, 6316, 257, 1622, 281, 264, 2594, 11, 51470]",0.0,-0.4511886187047766,1.8576642335766425,0.0001022950164042,"Después de dibujar una línea hasta la bola,"
249,66180,683.92,686.28," The middle is two spaces apart, so it's going to be here.","[51470, 440, 2808, 307, 732, 7673, 4936, 11, 370, 309, 311, 516, 281, 312, 510, 13, 51588]",0.0,-0.4511886187047766,1.8576642335766425,0.0001022950164042,"El medio está dos espacios aparte, así que va a estar aquí."
250,66180,686.28,688.8399999999999, Draw a line from here to the corner point.,"[51588, 20386, 257, 1622, 490, 510, 281, 264, 4538, 935, 13, 51716]",0.0,-0.4511886187047766,1.8576642335766425,0.0001022950164042,Dibuja una línea desde aquí al punto de esquina.
251,68884,689.8000000000001,692.0," If you draw a line to the corner point and easily parallel it like this,","[50412, 759, 291, 2642, 257, 1622, 281, 264, 4538, 935, 293, 3612, 8952, 309, 411, 341, 11, 50522]",0.0,-0.4417457058005137,1.9294117647058824,0.0004582699621096,"Si dibujas una línea al punto de esquina y la paralelas fácilmente como esto,"
252,68884,692.0,694.8000000000001," One cushion point is about three points, four points, something like that.","[50522, 1485, 21908, 935, 307, 466, 1045, 2793, 11, 1451, 2793, 11, 746, 411, 300, 13, 50662]",0.0,-0.4417457058005137,1.9294117647058824,0.0004582699621096,"Un punto de banda es de unos tres puntos, cuatro puntos, algo así."
253,68884,694.8000000000001,698.32," If you give it a three-tip rotation there and hit it as it is,","[50662, 759, 291, 976, 309, 257, 1045, 12, 83, 647, 12447, 456, 293, 2045, 309, 382, 309, 307, 11, 50838]",0.0,-0.4417457058005137,1.9294117647058824,0.0004582699621096,"Si le das una rotación de tres puntas allí y lo golpeas como está,"
254,68884,698.32,700.24," Now that we're at the third point,","[50838, 823, 300, 321, 434, 412, 264, 2636, 935, 11, 50934]",0.0,-0.4417457058005137,1.9294117647058824,0.0004582699621096,"Ahora que estamos en el tercer punto,"
255,68884,700.24,702.48, One cushion point is hit back.,"[50934, 1485, 21908, 935, 307, 2045, 646, 13, 51046]",0.0,-0.4417457058005137,1.9294117647058824,0.0004582699621096,Un punto de banda se golpea hacia atrás.
256,68884,702.48,705.84," Then you can hit six points, seven points.","[51046, 1396, 291, 393, 2045, 2309, 2793, 11, 3407, 2793, 13, 51214]",0.0,-0.4417457058005137,1.9294117647058824,0.0004582699621096,"Luego puedes golpear seis puntos, siete puntos."
257,68884,705.84,708.48, I'll hit it with a three-tip rotation.,"[51214, 286, 603, 2045, 309, 365, 257, 1045, 12, 83, 647, 12447, 13, 51346]",0.0,-0.4417457058005137,1.9294117647058824,0.0004582699621096,Voy a golpearlo con una rotación de tres puntas.
258,68884,708.48,710.48, It's going to be a little longer and hit it.,"[51346, 467, 311, 516, 281, 312, 257, 707, 2854, 293, 2045, 309, 13, 51446]",0.0,-0.4417457058005137,1.9294117647058824,0.0004582699621096,Va a ser un poco más largo y lo golpearé.
259,68884,712.0,714.52," If you hit it like this, look at it. It's a little longer, right?","[51522, 759, 291, 2045, 309, 411, 341, 11, 574, 412, 309, 13, 467, 311, 257, 707, 2854, 11, 558, 30, 51648]",0.0,-0.4417457058005137,1.9294117647058824,0.0004582699621096,"Si lo golpeas así, mira. Es un poco más largo, ¿verdad?"
260,68884,714.52,716.6, This is how you score.,"[51648, 639, 307, 577, 291, 6175, 13, 51752]",0.0,-0.4417457058005137,1.9294117647058824,0.0004582699621096,Este es cómo se puntuó.
261,71660,716.6,720.36," Now, everyone, the Plus Two system is not difficult anymore.","[50364, 823, 11, 1518, 11, 264, 7721, 4453, 1185, 307, 406, 2252, 3602, 13, 50552]",0.0,-0.5470066339197294,1.697508896797153,1.593638262420427e-05,"Ahora, todos, el sistema Plus Dos ya no es difícil."
262,71660,720.36,722.16, You don't have to calculate or anything.,"[50552, 509, 500, 380, 362, 281, 8873, 420, 1340, 13, 50642]",0.0,-0.5470066339197294,1.697508896797153,1.593638262420427e-05,No necesitas calcular nada.
263,71660,722.16,724.4," If you just do a direct score,","[50642, 759, 291, 445, 360, 257, 2047, 6175, 11, 50754]",0.0,-0.5470066339197294,1.697508896797153,1.593638262420427e-05,"Si solo haces una puntuación directa,"
264,71660,724.4,726.76, You can find the one cushion point.,"[50754, 509, 393, 915, 264, 472, 21908, 935, 13, 50872]",0.0,-0.5470066339197294,1.697508896797153,1.593638262420427e-05,Puedes encontrar el punto de banda.
265,71660,726.76,729.28, So what else can I do with this?,"[50872, 407, 437, 1646, 393, 286, 360, 365, 341, 30, 50998]",0.0,-0.5470066339197294,1.697508896797153,1.593638262420427e-05,¿Qué más puedo hacer con esto?
266,71660,729.28,732.24, You can also apply a short brush stroke.,"[50998, 509, 393, 611, 3079, 257, 2099, 5287, 12403, 13, 51146]",0.0,-0.5470066339197294,1.697508896797153,1.593638262420427e-05,También puedes aplicar un toque corto.
267,71660,732.24,734.4, I'll see if I can get it right now.,"[51146, 286, 603, 536, 498, 286, 393, 483, 309, 558, 586, 13, 51254]",0.0,-0.5470066339197294,1.697508896797153,1.593638262420427e-05,Voy a ver si puedo obtenerlo ahora.
268,71660,734.4,736.08, I need to hit a short brush stroke.,"[51254, 286, 643, 281, 2045, 257, 2099, 5287, 12403, 13, 51338]",0.0,-0.5470066339197294,1.697508896797153,1.593638262420427e-05,Necesito golpear un toque corto.
269,71660,736.08,740.36, It's a situation where you have to set a thin thickness and go in.,"[51338, 467, 311, 257, 2590, 689, 291, 362, 281, 992, 257, 5862, 14855, 293, 352, 294, 13, 51552]",0.0,-0.5470066339197294,1.697508896797153,1.593638262420427e-05,Es una situación en la que tienes que establecer una delgadez y entrar.
270,71660,740.36,742.2, Where are you going to arrive now?,"[51552, 2305, 366, 291, 516, 281, 8881, 586, 30, 51644]",0.0,-0.5470066339197294,1.697508896797153,1.593638262420427e-05,¿A dónde vas a llegar ahora?
271,71660,742.2,744.12," If you get close to the first point,","[51644, 759, 291, 483, 1998, 281, 264, 700, 935, 11, 51740]",0.0,-0.5470066339197294,1.697508896797153,1.593638262420427e-05,"Si te acercas al primer punto,"
272,71660,744.12,746.0, You'll have to get hit.,"[51740, 509, 603, 362, 281, 483, 2045, 13, 51834]",0.0,-0.5470066339197294,1.697508896797153,1.593638262420427e-05,Tendrás que recibir el impacto.
273,74600,746.0,748.4, Then you can design it from here.,"[50364, 1396, 291, 393, 1715, 309, 490, 510, 13, 50484]",0.0,-0.4453157824139262,1.959016393442623,2.2826967324363068e-05,Luego puedes diseñarlo desde aquí.
274,74600,748.4,752.4, What's different here is that you're not looking for the center of the line.,"[50484, 708, 311, 819, 510, 307, 300, 291, 434, 406, 1237, 337, 264, 3056, 295, 264, 1622, 13, 50684]",0.0,-0.4453157824139262,1.959016393442623,2.2826967324363068e-05,Lo que es diferente aquí es que no estás buscando el centro de la línea.
275,74600,752.4,757.44," Now, you have to draw a line from the first point to the first point and find the center.","[50684, 823, 11, 291, 362, 281, 2642, 257, 1622, 490, 264, 700, 935, 281, 264, 700, 935, 293, 915, 264, 3056, 13, 50936]",0.0,-0.4453157824139262,1.959016393442623,2.2826967324363068e-05,"Ahora, tienes que dibujar una línea desde el primer punto hasta el primer punto y encontrar el centro."
276,74600,757.44,760.84," After drawing a line from the first point to the first point,","[50936, 2381, 6316, 257, 1622, 490, 264, 700, 935, 281, 264, 700, 935, 11, 51106]",0.0,-0.4453157824139262,1.959016393442623,2.2826967324363068e-05,Después de dibujar una línea desde el primer punto hasta el primer punto
277,74600,760.84,764.08, The gap is about three spaces.,"[51106, 440, 7417, 307, 466, 1045, 7673, 13, 51268]",0.0,-0.4453157824139262,1.959016393442623,2.2826967324363068e-05,El espacio entre ellas es de unos tres espacios.
278,74600,764.08,767.08, This line and one ring point meet like this.,"[51268, 639, 1622, 293, 472, 4875, 935, 1677, 411, 341, 13, 51418]",0.0,-0.4453157824139262,1.959016393442623,2.2826967324363068e-05,Esta línea y un punto de anillo se encuentran como esto.
279,74600,767.08,768.76, This is where the center is.,"[51418, 639, 307, 689, 264, 3056, 307, 13, 51502]",0.0,-0.4453157824139262,1.959016393442623,2.2826967324363068e-05,Esto es donde está el centro.
280,74600,768.76,771.88," At this point, draw a line from the cushion corner.","[51502, 1711, 341, 935, 11, 2642, 257, 1622, 490, 264, 21908, 4538, 13, 51658]",0.0,-0.4453157824139262,1.959016393442623,2.2826967324363068e-05,Dibuja una línea desde la esquina de la banda.
281,74600,771.88,775.08," If you move a little wider to the area that fits the ball,","[51658, 759, 291, 1286, 257, 707, 11842, 281, 264, 1859, 300, 9001, 264, 2594, 11, 51818]",0.0,-0.4453157824139262,1.959016393442623,2.2826967324363068e-05,"Si mueves un poco más hacia el área que encaja con la bola,"
282,77508,775.08,778.8000000000001," Now, about two points will be the one cushion point.","[50364, 823, 11, 466, 732, 2793, 486, 312, 264, 472, 21908, 935, 13, 50550]",0.0,-0.4911438418972876,1.761061946902655,1.5689225620008074e-05,"Ahora, unos dos puntos serán el punto de la banda."
283,77508,778.8000000000001,784.64," If you send it to the one tip page that was the advantage of the one point,","[50550, 759, 291, 2845, 309, 281, 264, 472, 4125, 3028, 300, 390, 264, 5002, 295, 264, 472, 935, 11, 50842]",0.0,-0.4911438418972876,1.761061946902655,1.5689225620008074e-05,"Si lo envías a la página del extremo que era el beneficio del uno punto,"
284,77508,784.64,786.84, It means you can come near here.,"[50842, 467, 1355, 291, 393, 808, 2651, 510, 13, 50952]",0.0,-0.4911438418972876,1.761061946902655,1.5689225620008074e-05,Significa que puedes acercarte aquí.
285,77508,788.2,791.32," If you send it like this, look, it's coming well.","[51020, 759, 291, 2845, 309, 411, 341, 11, 574, 11, 309, 311, 1348, 731, 13, 51176]",0.0,-0.4911438418972876,1.761061946902655,1.5689225620008074e-05,"Si lo envías así, mira, está viniendo bien."
286,77508,791.32,793.2, This is how you score.,"[51176, 639, 307, 577, 291, 6175, 13, 51270]",0.0,-0.4911438418972876,1.761061946902655,1.5689225620008074e-05,Esto es cómo marcar puntuación.
287,77508,793.2,795.72," Now, where do you come in?","[51270, 823, 11, 689, 360, 291, 808, 294, 30, 51396]",0.0,-0.4911438418972876,1.761061946902655,1.5689225620008074e-05,"Ahora, ¿dónde vienes?"
288,77508,795.72,797.84," If you design it based on the second point,","[51396, 759, 291, 1715, 309, 2361, 322, 264, 1150, 935, 11, 51502]",0.0,-0.4911438418972876,1.761061946902655,1.5689225620008074e-05,"Si lo diseñas basado en el segundo punto,"
289,77508,797.84,799.72," It's a little longer, and it's a score.","[51502, 467, 311, 257, 707, 2854, 11, 293, 309, 311, 257, 6175, 13, 51596]",0.0,-0.4911438418972876,1.761061946902655,1.5689225620008074e-05,"Es un poco más largo, y es una puntuación."
290,77508,799.72,801.76, It's likely to be short.,"[51596, 467, 311, 3700, 281, 312, 2099, 13, 51698]",0.0,-0.4911438418972876,1.761061946902655,1.5689225620008074e-05,Es probable que sea corto.
291,77508,801.76,803.8000000000001, Here's where you design it.,"[51698, 1692, 311, 689, 291, 1715, 309, 13, 51800]",0.0,-0.4911438418972876,1.761061946902655,1.5689225620008074e-05,Aquí es dónde lo diseñas.
292,80380,803.8,807.4799999999999, What's different is that you're not looking for the center of the line with the ball.,"[50364, 708, 311, 819, 307, 300, 291, 434, 406, 1237, 337, 264, 3056, 295, 264, 1622, 365, 264, 2594, 13, 50548]",0.0,-0.3728551730303697,2.0980392156862746,5.9207708545727655e-05,Lo que es diferente es que no estás buscando el centro de la línea con la bola.
293,80380,807.4799999999999,810.16, You're drawing a line from the first point and finding the center.,"[50548, 509, 434, 6316, 257, 1622, 490, 264, 700, 935, 293, 5006, 264, 3056, 13, 50682]",0.0,-0.3728551730303697,2.0980392156862746,5.9207708545727655e-05,Estás dibujando una línea desde el primer punto y encontrando el centro.
294,80380,810.16,812.04, I'm drawing a line from the first point like this.,"[50682, 286, 478, 6316, 257, 1622, 490, 264, 700, 935, 411, 341, 13, 50776]",0.0,-0.3728551730303697,2.0980392156862746,5.9207708545727655e-05,Estoy dibujando una línea desde el primer punto así.
295,80380,812.04,814.3599999999999, That's the gap. It's four spaces.,"[50776, 663, 311, 264, 7417, 13, 467, 311, 1451, 7673, 13, 50892]",0.0,-0.3728551730303697,2.0980392156862746,5.9207708545727655e-05,Eso es la brecha. Son cuatro espacios.
296,80380,814.3599999999999,816.0, The middle is the second point.,"[50892, 440, 2808, 307, 264, 1150, 935, 13, 50974]",0.0,-0.3728551730303697,2.0980392156862746,5.9207708545727655e-05,El medio es el segundo punto.
297,80380,816.0,818.9599999999999, You can easily find the center of the line like this.,"[50974, 509, 393, 3612, 915, 264, 3056, 295, 264, 1622, 411, 341, 13, 51122]",0.0,-0.3728551730303697,2.0980392156862746,5.9207708545727655e-05,Puedes encontrar fácilmente el centro de la línea así.
298,80380,818.9599999999999,822.3599999999999," After drawing a line from the cushion corner,","[51122, 2381, 6316, 257, 1622, 490, 264, 21908, 4538, 11, 51292]",0.0,-0.3728551730303697,2.0980392156862746,5.9207708545727655e-05,"Después de dibujar una línea desde la esquina de la banda,"
299,80380,822.3599999999999,827.12, Move it to the right side that fits the first point.,"[51292, 10475, 309, 281, 264, 558, 1252, 300, 9001, 264, 700, 935, 13, 51530]",0.0,-0.3728551730303697,2.0980392156862746,5.9207708545727655e-05,Mueve hacia la derecha lado que encaja con el primer punto.
300,80380,827.12,830.4399999999999," Then, the one cushion point is about six points.","[51530, 1396, 11, 264, 472, 21908, 935, 307, 466, 2309, 2793, 13, 51696]",0.0,-0.3728551730303697,2.0980392156862746,5.9207708545727655e-05,"Luego, el uno punto de la banda es unos seis puntos."
301,80380,830.4399999999999,833.56, You don't have to be too sensitive about the one cushion point.,"[51696, 509, 500, 380, 362, 281, 312, 886, 9477, 466, 264, 472, 21908, 935, 13, 51852]",0.0,-0.3728551730303697,2.0980392156862746,5.9207708545727655e-05,No tienes que ser demasiado sensible sobre el uno punto de la banda.
302,83356,833.56,835.2399999999999, It's a little wide here.,"[50364, 467, 311, 257, 707, 4874, 510, 13, 50448]",0.0,-0.443145125659544,1.721189591078067,2.014525125559885e-05,Es un poco más ancho aquí.
303,83356,835.2399999999999,838.64, That means there's that much water in the one cushion point.,"[50448, 663, 1355, 456, 311, 300, 709, 1281, 294, 264, 472, 21908, 935, 13, 50618]",0.0,-0.443145125659544,1.721189591078067,2.014525125559885e-05,Eso significa que hay esa cantidad de agua en el uno punto de la banda.
304,83356,838.64,841.52, It's better to focus on giving you a precise rotation.,"[50618, 467, 311, 1101, 281, 1879, 322, 2902, 291, 257, 13600, 12447, 13, 50762]",0.0,-0.443145125659544,1.721189591078067,2.014525125559885e-05,Es mejor enfocarte en darte una rotación precisa.
305,83356,843.4,844.9599999999999, I hit it like this.,"[50856, 286, 2045, 309, 411, 341, 13, 50934]",0.0,-0.443145125659544,1.721189591078067,2.014525125559885e-05,Lo golpeo así.
306,83356,844.9599999999999,847.16," Then, it goes well towards the second point.","[50934, 1396, 11, 309, 1709, 731, 3030, 264, 1150, 935, 13, 51044]",0.0,-0.443145125659544,1.721189591078067,2.014525125559885e-05,"Luego, va bien hacia el segundo punto."
307,83356,847.16,849.0, It means you're scoring.,"[51044, 467, 1355, 291, 434, 22358, 13, 51136]",0.0,-0.443145125659544,1.721189591078067,2.014525125559885e-05,Significa que estás puntuando.
308,83356,849.0,850.8," Now, everyone, the same arrangement as now.","[51136, 823, 11, 1518, 11, 264, 912, 17620, 382, 586, 13, 51226]",0.0,-0.443145125659544,1.721189591078067,2.014525125559885e-05,"Ahora, todos, la misma disposición como ahora."
309,83356,850.8,852.88, It's a short-range arrangement.,"[51226, 467, 311, 257, 2099, 12, 14521, 17620, 13, 51330]",0.0,-0.443145125659544,1.721189591078067,2.014525125559885e-05,Es un arreglo a corta distancia.
310,83356,852.88,854.7199999999999, Where do you think the probability of scoring will be higher?,"[51330, 2305, 360, 291, 519, 264, 8482, 295, 22358, 486, 312, 2946, 30, 51422]",0.0,-0.443145125659544,1.721189591078067,2.014525125559885e-05,¿Dónde crees que la probabilidad de marcar puntuación será más alta?
311,83356,854.7199999999999,856.88," If you come to the third point,","[51422, 759, 291, 808, 281, 264, 2636, 935, 11, 51530]",0.0,-0.443145125659544,1.721189591078067,2.014525125559885e-05,"Si vienes al tercer punto,"
312,83356,856.88,858.52, It's going down and scoring.,"[51530, 467, 311, 516, 760, 293, 22358, 13, 51612]",0.0,-0.443145125659544,1.721189591078067,2.014525125559885e-05,Va hacia abajo y marca puntuación.
313,83356,858.52,860.64, It can be a little short or long.,"[51612, 467, 393, 312, 257, 707, 2099, 420, 938, 13, 51718]",0.0,-0.443145125659544,1.721189591078067,2.014525125559885e-05,Puede ser un poco corto o largo.
314,86064,860.68,863.8," Then, I'll design it based on the third point.","[50366, 1396, 11, 286, 603, 1715, 309, 2361, 322, 264, 2636, 935, 13, 50522]",0.0,-0.37218900160356,1.7358490566037736,6.605039379792288e-05,"Luego, lo diseñaré basado en el tercer punto."
315,86064,863.8,867.12, Draw a line and find the center.,"[50522, 20386, 257, 1622, 293, 915, 264, 3056, 13, 50688]",0.0,-0.37218900160356,1.7358490566037736,6.605039379792288e-05,Dibuja una línea y encuentra el centro.
316,86064,867.12,869.88," After drawing a line, you can check the gap.","[50688, 2381, 6316, 257, 1622, 11, 291, 393, 1520, 264, 7417, 13, 50826]",0.0,-0.37218900160356,1.7358490566037736,6.605039379792288e-05,"Después de dibujar una línea, puedes verificar la brecha."
317,86064,869.88,872.96," It's three spaces apart, so one half point is the center.","[50826, 467, 311, 1045, 7673, 4936, 11, 370, 472, 1922, 935, 307, 264, 3056, 13, 50980]",0.0,-0.37218900160356,1.7358490566037736,6.605039379792288e-05,"Es tres espacios aparte, así que medio punto es el centro."
318,86064,872.96,876.48, I'm going to make a line here before the next cushion corner.,"[50980, 286, 478, 516, 281, 652, 257, 1622, 510, 949, 264, 958, 21908, 4538, 13, 51156]",0.0,-0.37218900160356,1.7358490566037736,6.605039379792288e-05,Estoy a punto de hacer una línea aquí antes del siguiente ángulo de la banda.
319,86064,876.48,877.92, I'm going to hit it.,"[51156, 286, 478, 516, 281, 2045, 309, 13, 51228]",0.0,-0.37218900160356,1.7358490566037736,6.605039379792288e-05,Voy a golpearlo.
320,86064,877.92,881.04," If you move it to the right side of the first line,","[51228, 759, 291, 1286, 309, 281, 264, 558, 1252, 295, 264, 700, 1622, 11, 51384]",0.0,-0.37218900160356,1.7358490566037736,6.605039379792288e-05,si lo mueves al lado derecho de la primera línea
321,86064,881.04,883.76, It looks like it's about eight points.,"[51384, 467, 1542, 411, 309, 311, 466, 3180, 2793, 13, 51520]",0.0,-0.37218900160356,1.7358490566037736,6.605039379792288e-05,Parece que es de unos ocho puntos.
322,86064,883.76,886.4399999999999, But I said you don't have to be too sensitive about the one cushion point.,"[51520, 583, 286, 848, 291, 500, 380, 362, 281, 312, 886, 9477, 466, 264, 472, 21908, 935, 13, 51654]",0.0,-0.37218900160356,1.7358490566037736,6.605039379792288e-05,Pero te dije que no hay que ser demasiado sensible con el punto de banda.
323,86064,886.4399999999999,887.88," After setting the thickness,","[51654, 2381, 3287, 264, 14855, 11, 51726]",0.0,-0.37218900160356,1.7358490566037736,6.605039379792288e-05,"Después de establecer la grosor,"
324,88788,887.88,888.88, Three TV rotation.,"[50364, 6244, 3558, 12447, 13, 50414]",0.0,-0.5076786966034861,1.6014760147601477,0.0008557885303162,Tres rotación de TV.
325,88788,888.88,891.88, You can focus more on giving me the standard rotation.,"[50414, 509, 393, 1879, 544, 322, 2902, 385, 264, 3832, 12447, 13, 50564]",0.0,-0.5076786966034861,1.6014760147601477,0.0008557885303162,Puedes enfocarte más en darme la rotación estándar.
326,88788,893.64,895.28, I hit it well.,"[50652, 286, 2045, 309, 731, 13, 50734]",0.0,-0.5076786966034861,1.6014760147601477,0.0008557885303162,Lo golpeé bien.
327,88788,895.28,898.04," Then, I got it right.","[50734, 1396, 11, 286, 658, 309, 558, 13, 50872]",0.0,-0.5076786966034861,1.6014760147601477,0.0008557885303162,"Luego, lo saqué bien."
328,88788,898.04,900.08, It's going in a way that can't be missed.,"[50872, 467, 311, 516, 294, 257, 636, 300, 393, 380, 312, 6721, 13, 50974]",0.0,-0.5076786966034861,1.6014760147601477,0.0008557885303162,Va en un camino que no se puede perder.
329,88788,900.08,901.76, How was your lesson today?,"[50974, 1012, 390, 428, 6898, 965, 30, 51058]",0.0,-0.5076786966034861,1.6014760147601477,0.0008557885303162,¿Cómo fue tu clase hoy?
330,88788,901.76,904.96," In a way, all systems are there.","[51058, 682, 257, 636, 11, 439, 3652, 366, 456, 13, 51218]",0.0,-0.5076786966034861,1.6014760147601477,0.0008557885303162,"De alguna manera, todos los sistemas están allí."
331,88788,904.96,907.72, All cushion points are similar.,"[51218, 1057, 21908, 2793, 366, 2531, 13, 51356]",0.0,-0.5076786966034861,1.6014760147601477,0.0008557885303162,Todos los puntos de banda son similares.
332,88788,907.72,909.68," But if you don't like to calculate something,","[51356, 583, 498, 291, 500, 380, 411, 281, 8873, 746, 11, 51454]",0.0,-0.5076786966034861,1.6014760147601477,0.0008557885303162,"Pero si no te gusta calcular algo,"
333,88788,909.68,911.6," If you feel it's complicated,","[51454, 759, 291, 841, 309, 311, 6179, 11, 51550]",0.0,-0.5076786966034861,1.6014760147601477,0.0008557885303162,"Si sientes que es complicado,"
334,88788,911.6,913.48, Just take the cue stick and find the center.,"[51550, 1449, 747, 264, 22656, 2897, 293, 915, 264, 3056, 13, 51644]",0.0,-0.5076786966034861,1.6014760147601477,0.0008557885303162,Solo toma el bastón y encuentra el centro.
335,88788,913.48,915.08," If you move it and hit it,","[51644, 759, 291, 1286, 309, 293, 2045, 309, 11, 51724]",0.0,-0.5076786966034861,1.6014760147601477,0.0008557885303162,"Si lo mueves y lo golpeas,"
336,88788,915.08,917.72, You can set it up comfortably like today.,"[51724, 509, 393, 992, 309, 493, 25101, 411, 965, 13, 51856]",0.0,-0.5076786966034861,1.6014760147601477,0.0008557885303162,Puedes configurarlo cómodamente como hoy.
337,91772,917.72,920.52, You can use it enough to avoid it.,"[50364, 509, 393, 764, 309, 1547, 281, 5042, 309, 13, 50504]",0.0,-0.3324490677226673,1.247787610619469,0.000115854658361,Puedes usarlo lo suficiente para evitarlo.
338,91772,920.52,923.0, Then go to the field and practice a lot.,"[50504, 1396, 352, 281, 264, 2519, 293, 3124, 257, 688, 13, 50628]",0.0,-0.3324490677226673,1.247787610619469,0.000115854658361,"Luego, ve al campo y practica mucho."
339,91772,923.0,925.44, I'll come back with a better lesson next time.,"[50628, 286, 603, 808, 646, 365, 257, 1101, 6898, 958, 565, 13, 50750]",0.0,-0.3324490677226673,1.247787610619469,0.000115854658361,Volveré con una mejor lección la próxima vez.
340,91772,925.44,927.88, See you next time.,"[50750, 3008, 291, 958, 565, 13, 50872]",0.0,-0.3324490677226673,1.247787610619469,0.000115854658361,Hasta luego.
